{
"type": "FeatureCollection",
"name": "lyon_boundaries",
"crs": { "type": "name", "properties": { "name": "urn:ogc:def:crs:EPSG::2154" } },
"features": [
{ "type": "Feature", "properties": { "ID_GEOFLA": 84, "CODE_COMM": "299", "INSEE_COM": "69299", "NOM_COMM": "COLOMBIER-SAUGNIEU", "STATUT": "Commune simple", "X_CHF_LIEU": 8643, "Y_CHF_LIEU": 65146, "X_CENTROID": 8636, "Y_CENTROID": 65153, "Z_MOYEN": 240, "SUPERFICIE": 2785, "POPULATION": 2.3, "CODE_CANT": "37", "CODE_ARR": "1", "CODE_DEPT": "69", "NOM_DEPT": "RHONE", "CODE_REG": "82", "NOM_REGION": "RHONE-ALPES", "CODGEO": "69299" }, "geometry": { "type": "Polygon", "coordinates": [ [ [ 863730.0, 6513151.0 ], [ 862747.0, 6512823.0 ], [ 861667.0, 6512908.0 ], [ 860281.0, 6514115.0 ], [ 860057.0, 6514369.0 ], [ 860247.0, 6515349.0 ], [ 859925.0, 6516811.0 ], [ 862850.0, 6517700.0 ], [ 865355.0, 6517556.0 ], [ 865917.0, 6517109.0 ], [ 866936.0, 6515626.0 ], [ 867953.0, 6515149.0 ], [ 867691.0, 6513632.0 ], [ 867429.0, 6513893.0 ], [ 866777.0, 6513568.0 ], [ 865768.0, 6513971.0 ], [ 863730.0, 6513151.0 ] ] ] } },
{ "type": "Feature", "properties": { "ID_GEOFLA": 164, "CODE_COMM": "093", "INSEE_COM": "69093", "NOM_COMM": "GRANDRIS", "STATUT": "Commune simple", "X_CHF_LIEU": 8140, "Y_CHF_LIEU": 65497, "X_CENTROID": 8128, "Y_CENTROID": 65492, "Z_MOYEN": 549, "SUPERFICIE": 1510, "POPULATION": 1.2, "CODE_CANT": "09", "CODE_ARR": "2", "CODE_DEPT": "69", "NOM_DEPT": "RHONE", "CODE_REG": "82", "NOM_REGION": "RHONE-ALPES", "CODGEO": "69093" }, "geometry": { "type": "Polygon", "coordinates": [ [ [ 813536.0, 6546866.0 ], [ 812326.0, 6547621.0 ], [ 811295.0, 6547362.0 ], [ 810706.0, 6547705.0 ], [ 810133.0, 6548474.0 ], [ 811188.0, 6549608.0 ], [ 811189.0, 6550387.0 ], [ 811998.0, 6551650.0 ], [ 813016.0, 6551540.0 ], [ 814200.0, 6550827.0 ], [ 814635.0, 6549850.0 ], [ 815318.0, 6549604.0 ], [ 815693.0, 6548986.0 ], [ 815403.0, 6548342.0 ], [ 814005.0, 6547865.0 ], [ 813536.0, 6546866.0 ] ] ] } },
{ "type": "Feature", "properties": { "ID_GEOFLA": 248, "CODE_COMM": "045", "INSEE_COM": "69045", "NOM_COMM": "CHARENTAY", "STATUT": "Commune simple", "X_CHF_LIEU": 8297, "Y_CHF_LIEU": 65557, "X_CENTROID": 8305, "Y_CENTROID": 65552, "Z_MOYEN": 206, "SUPERFICIE": 1395, "POPULATION": 1.1, "CODE_CANT": "05", "CODE_ARR": "2", "CODE_DEPT": "69", "NOM_DEPT": "RHONE", "CODE_REG": "82", "NOM_REGION": "RHONE-ALPES", "CODGEO": "69045" }, "geometry": { "type": "Polygon", "coordinates": [ [ [ 830021.0, 6552561.0 ], [ 828733.0, 6554400.0 ], [ 828495.0, 6556497.0 ], [ 828816.0, 6557077.0 ], [ 831200.0, 6557212.0 ], [ 832233.0, 6557008.0 ], [ 833077.0, 6555912.0 ], [ 832403.0, 6555527.0 ], [ 832120.0, 6554419.0 ], [ 831131.0, 6552861.0 ], [ 830021.0, 6552561.0 ] ] ] } },
{ "type": "Feature", "properties": { "ID_GEOFLA": 325, "CODE_COMM": "107", "INSEE_COM": "69107", "NOM_COMM": "LAMURE-SUR-AZERGUES", "STATUT": "Chef-lieu canton", "X_CHF_LIEU": 8153, "Y_CHF_LIEU": 65525, "X_CENTROID": 8166, "Y_CENTROID": 65514, "Z_MOYEN": 545, "SUPERFICIE": 1547, "POPULATION": 1.1, "CODE_CANT": "09", "CODE_ARR": "2", "CODE_DEPT": "69", "NOM_DEPT": "RHONE", "CODE_REG": "82", "NOM_REGION": "RHONE-ALPES", "CODGEO": "69107" }, "geometry": { "type": "Polygon", "coordinates": [ [ [ 815693.0, 6548986.0 ], [ 815318.0, 6549604.0 ], [ 814635.0, 6549850.0 ], [ 814200.0, 6550827.0 ], [ 815095.0, 6551466.0 ], [ 814850.0, 6552559.0 ], [ 815307.0, 6553595.0 ], [ 816813.0, 6553909.0 ], [ 817558.0, 6553014.0 ], [ 819094.0, 6553043.0 ], [ 819079.0, 6552974.0 ], [ 818787.0, 6550988.0 ], [ 817805.0, 6549637.0 ], [ 817224.0, 6549313.0 ], [ 816590.0, 6549413.0 ], [ 815693.0, 6548986.0 ] ] ] } },
{ "type": "Feature", "properties": { "ID_GEOFLA": 436, "CODE_COMM": "110", "INSEE_COM": "69110", "NOM_COMM": "LARAJASSE", "STATUT": "Commune simple", "X_CHF_LIEU": 8169, "Y_CHF_LIEU": 65027, "X_CENTROID": 8180, "Y_CENTROID": 65020, "Z_MOYEN": 727, "SUPERFICIE": 3359, "POPULATION": 1.7, "CODE_CANT": "28", "CODE_ARR": "1", "CODE_DEPT": "69", "NOM_DEPT": "RHONE", "CODE_REG": "82", "NOM_REGION": "RHONE-ALPES", "CODGEO": "69110" }, "geometry": { "type": "Polygon", "coordinates": [ [ [ 820653.0, 6499032.0 ], [ 818690.0, 6498159.0 ], [ 818101.0, 6498579.0 ], [ 817382.0, 6498605.0 ], [ 817317.0, 6499352.0 ], [ 816999.0, 6499552.0 ], [ 814447.0, 6499535.0 ], [ 814950.0, 6500539.0 ], [ 814969.0, 6500918.0 ], [ 816186.0, 6501817.0 ], [ 815780.0, 6503266.0 ], [ 815938.0, 6504009.0 ], [ 815827.0, 6504372.0 ], [ 814328.0, 6504236.0 ], [ 814395.0, 6505115.0 ], [ 815062.0, 6505204.0 ], [ 815213.0, 6505518.0 ], [ 816714.0, 6505546.0 ], [ 817381.0, 6505235.0 ], [ 817962.0, 6505694.0 ], [ 819107.0, 6505679.0 ], [ 819035.0, 6504547.0 ], [ 820800.0, 6503981.0 ], [ 821422.0, 6502587.0 ], [ 821315.0, 6501858.0 ], [ 820297.0, 6500824.0 ], [ 820653.0, 6499032.0 ] ] ] } },
{ "type": "Feature", "properties": { "ID_GEOFLA": 437, "CODE_COMM": "099", "INSEE_COM": "69099", "NOM_COMM": "HAUTE-RIVOIRE", "STATUT": "Commune simple", "X_CHF_LIEU": 8086, "Y_CHF_LIEU": 65138, "X_CENTROID": 8093, "Y_CENTROID": 65137, "Z_MOYEN": 576, "SUPERFICIE": 2051, "POPULATION": 1.3, "CODE_CANT": "27", "CODE_ARR": "1", "CODE_DEPT": "69", "NOM_DEPT": "RHONE", "CODE_REG": "82", "NOM_REGION": "RHONE-ALPES", "CODGEO": "69099" }, "geometry": { "type": "Polygon", "coordinates": [ [ [ 806887.0, 6511064.0 ], [ 806255.0, 6511913.0 ], [ 806805.0, 6512439.0 ], [ 806975.0, 6513576.0 ], [ 807709.0, 6514456.0 ], [ 808180.0, 6516318.0 ], [ 809076.0, 6517005.0 ], [ 809087.0, 6516643.0 ], [ 809802.0, 6516750.0 ], [ 810279.0, 6516265.0 ], [ 811678.0, 6516293.0 ], [ 811761.0, 6515548.0 ], [ 811102.0, 6514695.0 ], [ 810849.0, 6513634.0 ], [ 811001.0, 6512923.0 ], [ 812027.0, 6512789.0 ], [ 812271.0, 6511789.0 ], [ 811544.0, 6511154.0 ], [ 809039.0, 6512079.0 ], [ 808667.0, 6511977.0 ], [ 808387.0, 6511261.0 ], [ 806887.0, 6511064.0 ] ] ] } },
{ "type": "Feature", "properties": { "ID_GEOFLA": 561, "CODE_COMM": "195", "INSEE_COM": "69195", "NOM_COMM": "SAINT-DIDIER-SOUS-RIVERIE", "STATUT": "Commune simple", "X_CHF_LIEU": 8253, "Y_CHF_LIEU": 65009, "X_CENTROID": 8251, "Y_CENTROID": 65005, "Z_MOYEN": 510, "SUPERFICIE": 1395, "POPULATION": 1.2, "CODE_CANT": "24", "CODE_ARR": "1", "CODE_DEPT": "69", "NOM_DEPT": "RHONE", "CODE_REG": "82", "NOM_REGION": "RHONE-ALPES", "CODGEO": "69195" }, "geometry": { "type": "Polygon", "coordinates": [ [ [ 825010.0, 6498036.0 ], [ 823781.0, 6498046.0 ], [ 822468.0, 6499301.0 ], [ 823151.0, 6499587.0 ], [ 823241.0, 6501056.0 ], [ 823559.0, 6501250.0 ], [ 824010.0, 6500864.0 ], [ 824041.0, 6501551.0 ], [ 824878.0, 6502337.0 ], [ 825093.0, 6503051.0 ], [ 825992.0, 6502685.0 ], [ 827752.0, 6502598.0 ], [ 828150.0, 6502415.0 ], [ 825828.0, 6499313.0 ], [ 825934.0, 6498618.0 ], [ 825010.0, 6498036.0 ] ] ] } },
{ "type": "Feature", "properties": { "ID_GEOFLA": 655, "CODE_COMM": "230", "INSEE_COM": "69230", "NOM_COMM": "SAINTE-PAULE", "STATUT": "Commune simple", "X_CHF_LIEU": 8212, "Y_CHF_LIEU": 65413, "X_CENTROID": 8209, "Y_CENTROID": 65425, "Z_MOYEN": 520, "SUPERFICIE": 765, "POPULATION": 0.3, "CODE_CANT": "06", "CODE_ARR": "2", "CODE_DEPT": "69", "NOM_DEPT": "RHONE", "CODE_REG": "82", "NOM_REGION": "RHONE-ALPES", "CODGEO": "69230" }, "geometry": { "type": "Polygon", "coordinates": [ [ [ 820064.0, 6539627.0 ], [ 820509.0, 6541342.0 ], [ 819977.0, 6542255.0 ], [ 820312.0, 6542927.0 ], [ 819920.0, 6545518.0 ], [ 820885.0, 6545110.0 ], [ 821159.0, 6544443.0 ], [ 822129.0, 6542786.0 ], [ 821931.0, 6540928.0 ], [ 820064.0, 6539627.0 ] ] ] } },
{ "type": "Feature", "properties": { "ID_GEOFLA": 983, "CODE_COMM": "066", "INSEE_COM": "69066", "NOM_COMM": "COURS-LA-VILLE", "STATUT": "Commune simple", "X_CHF_LIEU": 8020, "Y_CHF_LIEU": 65563, "X_CENTROID": 8032, "Y_CENTROID": 65574, "Z_MOYEN": 657, "SUPERFICIE": 1941, "POPULATION": 3.9, "CODE_CANT": "30", "CODE_ARR": "2", "CODE_DEPT": "69", "NOM_DEPT": "RHONE", "CODE_REG": "82", "NOM_REGION": "RHONE-ALPES", "CODGEO": "69066" }, "geometry": { "type": "Polygon", "coordinates": [ [ [ 801261.0, 6554389.0 ], [ 801308.0, 6555848.0 ], [ 800886.0, 6556450.0 ], [ 801123.0, 6557528.0 ], [ 801915.0, 6558298.0 ], [ 802076.0, 6559763.0 ], [ 802886.0, 6560390.0 ], [ 805107.0, 6560756.0 ], [ 805025.0, 6558824.0 ], [ 804022.0, 6557746.0 ], [ 805307.0, 6557001.0 ], [ 805877.0, 6555554.0 ], [ 805631.0, 6554892.0 ], [ 804728.0, 6555535.0 ], [ 803613.0, 6555538.0 ], [ 802914.0, 6554656.0 ], [ 802195.0, 6554441.0 ], [ 801261.0, 6554389.0 ] ] ] } },
{ "type": "Feature", "properties": { "ID_GEOFLA": 1754, "CODE_COMM": "030", "INSEE_COM": "69030", "NOM_COMM": "BRULLIOLES", "STATUT": "Commune simple", "X_CHF_LIEU": 8165, "Y_CHF_LIEU": 65190, "X_CENTROID": 8160, "Y_CENTROID": 65193, "Z_MOYEN": 560, "SUPERFICIE": 1250, "POPULATION": 0.7, "CODE_CANT": "27", "CODE_ARR": "1", "CODE_DEPT": "69", "NOM_DEPT": "RHONE", "CODE_REG": "82", "NOM_REGION": "RHONE-ALPES", "CODGEO": "69030" }, "geometry": { "type": "Polygon", "coordinates": [ [ [ 816212.0, 6517279.0 ], [ 815117.0, 6517240.0 ], [ 814263.0, 6518837.0 ], [ 813946.0, 6519040.0 ], [ 813246.0, 6518774.0 ], [ 812737.0, 6519312.0 ], [ 813464.0, 6519535.0 ], [ 814801.0, 6520881.0 ], [ 815458.0, 6520802.0 ], [ 816101.0, 6520574.0 ], [ 817467.0, 6520915.0 ], [ 817888.0, 6520291.0 ], [ 818631.0, 6520212.0 ], [ 818826.0, 6519890.0 ], [ 818518.0, 6518848.0 ], [ 816155.0, 6517964.0 ], [ 816212.0, 6517279.0 ] ] ] } },
{ "type": "Feature", "properties": { "ID_GEOFLA": 2124, "CODE_COMM": "062", "INSEE_COM": "69062", "NOM_COMM": "COISE", "STATUT": "Commune simple", "X_CHF_LIEU": 8148, "Y_CHF_LIEU": 65026, "X_CENTROID": 8144, "Y_CENTROID": 65026, "Z_MOYEN": 597, "SUPERFICIE": 910, "POPULATION": 0.7, "CODE_CANT": "28", "CODE_ARR": "1", "CODE_DEPT": "69", "NOM_DEPT": "RHONE", "CODE_REG": "82", "NOM_REGION": "RHONE-ALPES", "CODGEO": "69062" }, "geometry": { "type": "Polygon", "coordinates": [ [ [ 814950.0, 6500539.0 ], [ 813872.0, 6501218.0 ], [ 813016.0, 6501908.0 ], [ 812319.0, 6503639.0 ], [ 812667.0, 6503503.0 ], [ 814328.0, 6504236.0 ], [ 815827.0, 6504372.0 ], [ 815938.0, 6504009.0 ], [ 815780.0, 6503266.0 ], [ 816186.0, 6501817.0 ], [ 814969.0, 6500918.0 ], [ 814950.0, 6500539.0 ] ] ] } },
{ "type": "Feature", "properties": { "ID_GEOFLA": 2198, "CODE_COMM": "220", "INSEE_COM": "69220", "NOM_COMM": "SAINT-LAURENT-DE-CHAMOUSSET", "STATUT": "Chef-lieu canton", "X_CHF_LIEU": 8138, "Y_CHF_LIEU": 65164, "X_CENTROID": 8138, "Y_CENTROID": 65164, "Z_MOYEN": 591, "SUPERFICIE": 1722, "POPULATION": 1.9, "CODE_CANT": "27", "CODE_ARR": "1", "CODE_DEPT": "69", "NOM_DEPT": "RHONE", "CODE_REG": "82", "NOM_REGION": "RHONE-ALPES", "CODGEO": "69220" }, "geometry": { "type": "Polygon", "coordinates": [ [ [ 812407.0, 6513989.0 ], [ 811761.0, 6515548.0 ], [ 811678.0, 6516293.0 ], [ 811564.0, 6517424.0 ], [ 812737.0, 6519312.0 ], [ 813246.0, 6518774.0 ], [ 813946.0, 6519040.0 ], [ 814263.0, 6518837.0 ], [ 815117.0, 6517240.0 ], [ 816212.0, 6517279.0 ], [ 816993.0, 6515659.0 ], [ 815974.0, 6514737.0 ], [ 815264.0, 6514884.0 ], [ 813597.0, 6514109.0 ], [ 812946.0, 6514352.0 ], [ 812407.0, 6513989.0 ] ] ] } },
{ "type": "Feature", "properties": { "ID_GEOFLA": 2224, "CODE_COMM": "187", "INSEE_COM": "69187", "NOM_COMM": "SAINT-CLEMENT-LES-PLACES", "STATUT": "Commune simple", "X_CHF_LIEU": 8106, "Y_CHF_LIEU": 65180, "X_CENTROID": 8103, "Y_CENTROID": 65183, "Z_MOYEN": 628, "SUPERFICIE": 1247, "POPULATION": 0.6, "CODE_CANT": "27", "CODE_ARR": "1", "CODE_DEPT": "69", "NOM_DEPT": "RHONE", "CODE_REG": "82", "NOM_REGION": "RHONE-ALPES", "CODGEO": "69187" }, "geometry": { "type": "Polygon", "coordinates": [ [ [ 811678.0, 6516293.0 ], [ 810279.0, 6516265.0 ], [ 809802.0, 6516750.0 ], [ 809087.0, 6516643.0 ], [ 809076.0, 6517005.0 ], [ 808643.0, 6517875.0 ], [ 808102.0, 6518227.0 ], [ 808438.0, 6519316.0 ], [ 809307.0, 6520075.0 ], [ 811515.0, 6520099.0 ], [ 812259.0, 6519909.0 ], [ 812737.0, 6519312.0 ], [ 811564.0, 6517424.0 ], [ 811678.0, 6516293.0 ] ] ] } },
{ "type": "Feature", "properties": { "ID_GEOFLA": 2252, "CODE_COMM": "097", "INSEE_COM": "69097", "NOM_COMM": "LES HAIES", "STATUT": "Commune simple", "X_CHF_LIEU": 8364, "Y_CHF_LIEU": 64909, "X_CENTROID": 8357, "Y_CENTROID": 64918, "Z_MOYEN": 417, "SUPERFICIE": 1585, "POPULATION": 0.7, "CODE_CANT": "07", "CODE_ARR": "1", "CODE_DEPT": "69", "NOM_DEPT": "RHONE", "CODE_REG": "82", "NOM_REGION": "RHONE-ALPES", "CODGEO": "69097" }, "geometry": { "type": "Polygon", "coordinates": [ [ [ 837108.0, 6489705.0 ], [ 834592.0, 6489891.0 ], [ 833157.0, 6491564.0 ], [ 832924.0, 6492268.0 ], [ 833999.0, 6493282.0 ], [ 833945.0, 6493648.0 ], [ 834994.0, 6493814.0 ], [ 836191.0, 6493098.0 ], [ 836651.0, 6494055.0 ], [ 837119.0, 6493489.0 ], [ 838636.0, 6493159.0 ], [ 838651.0, 6492559.0 ], [ 837830.0, 6491847.0 ], [ 837687.0, 6490762.0 ], [ 837055.0, 6490407.0 ], [ 837108.0, 6489705.0 ] ] ] } },
{ "type": "Feature", "properties": { "ID_GEOFLA": 2315, "CODE_COMM": "026", "INSEE_COM": "69026", "NOM_COMM": "LE BREUIL", "STATUT": "Commune simple", "X_CHF_LIEU": 8230, "Y_CHF_LIEU": 65339, "X_CENTROID": 8233, "Y_CENTROID": 65335, "Z_MOYEN": 282, "SUPERFICIE": 564, "POPULATION": 0.4, "CODE_CANT": "06", "CODE_ARR": "2", "CODE_DEPT": "69", "NOM_DEPT": "RHONE", "CODE_REG": "82", "NOM_REGION": "RHONE-ALPES", "CODGEO": "69026" }, "geometry": { "type": "Polygon", "coordinates": [ [ [ 824031.0, 6532064.0 ], [ 822789.0, 6532300.0 ], [ 821755.0, 6534057.0 ], [ 823432.0, 6534967.0 ], [ 823542.0, 6535051.0 ], [ 824551.0, 6535052.0 ], [ 824237.0, 6533187.0 ], [ 824565.0, 6532499.0 ], [ 824031.0, 6532064.0 ] ] ] } },
{ "type": "Feature", "properties": { "ID_GEOFLA": 2385, "CODE_COMM": "248", "INSEE_COM": "69248", "NOM_COMM": "THIZY", "STATUT": "Chef-lieu canton", "X_CHF_LIEU": 8014, "Y_CHF_LIEU": 65489, "X_CENTROID": 8016, "Y_CENTROID": 65486, "Z_MOYEN": 508, "SUPERFICIE": 196, "POPULATION": 2.4, "CODE_CANT": "30", "CODE_ARR": "2", "CODE_DEPT": "69", "NOM_DEPT": "RHONE", "CODE_REG": "82", "NOM_REGION": "RHONE-ALPES", "CODGEO": "69248" }, "geometry": { "type": "Polygon", "coordinates": [ [ [ 801438.0, 6549917.0 ], [ 802196.0, 6549079.0 ], [ 802175.0, 6548303.0 ], [ 801782.0, 6547640.0 ], [ 801019.0, 6547707.0 ], [ 800959.0, 6547693.0 ], [ 801407.0, 6548263.0 ], [ 801091.0, 6548914.0 ], [ 801438.0, 6549917.0 ] ] ] } },
{ "type": "Feature", "properties": { "ID_GEOFLA": 2544, "CODE_COMM": "002", "INSEE_COM": "69002", "NOM_COMM": "AIGUEPERSE", "STATUT": "Commune simple", "X_CHF_LIEU": 8104, "Y_CHF_LIEU": 65761, "X_CENTROID": 8096, "Y_CENTROID": 65765, "Z_MOYEN": 489, "SUPERFICIE": 1296, "POPULATION": 0.2, "CODE_CANT": "23", "CODE_ARR": "2", "CODE_DEPT": "69", "NOM_DEPT": "RHONE", "CODE_REG": "82", "NOM_REGION": "RHONE-ALPES", "CODGEO": "69002" }, "geometry": { "type": "Polygon", "coordinates": [ [ [ 810382.0, 6574774.0 ], [ 810055.0, 6574972.0 ], [ 809007.0, 6574540.0 ], [ 807576.0, 6575023.0 ], [ 807524.0, 6575913.0 ], [ 807689.0, 6577002.0 ], [ 808314.0, 6577948.0 ], [ 808209.0, 6578315.0 ], [ 809638.0, 6578367.0 ], [ 809829.0, 6579096.0 ], [ 810499.0, 6578728.0 ], [ 810804.0, 6578028.0 ], [ 812166.0, 6576299.0 ], [ 812132.0, 6575928.0 ], [ 810793.0, 6575387.0 ], [ 810382.0, 6574774.0 ] ] ] } },
{ "type": "Feature", "properties": { "ID_GEOFLA": 2585, "CODE_COMM": "285", "INSEE_COM": "69285", "NOM_COMM": "PUSIGNAN", "STATUT": "Commune simple", "X_CHF_LIEU": 8606, "Y_CHF_LIEU": 65194, "X_CENTROID": 8606, "Y_CENTROID": 65192, "Z_MOYEN": 219, "SUPERFICIE": 1320, "POPULATION": 3.5, "CODE_CANT": "37", "CODE_ARR": "1", "CODE_DEPT": "69", "NOM_DEPT": "RHONE", "CODE_REG": "82", "NOM_REGION": "RHONE-ALPES", "CODGEO": "69285" }, "geometry": { "type": "Polygon", "coordinates": [ [ [ 859925.0, 6516811.0 ], [ 859163.0, 6518890.0 ], [ 858316.0, 6520017.0 ], [ 858240.0, 6520717.0 ], [ 859343.0, 6520567.0 ], [ 860012.0, 6522360.0 ], [ 860814.0, 6520641.0 ], [ 862695.0, 6520649.0 ], [ 862450.0, 6519153.0 ], [ 862850.0, 6517700.0 ], [ 859925.0, 6516811.0 ] ] ] } },
{ "type": "Feature", "properties": { "ID_GEOFLA": 3043, "CODE_COMM": "021", "INSEE_COM": "69021", "NOM_COMM": "BESSENAY", "STATUT": "Commune simple", "X_CHF_LIEU": 8207, "Y_CHF_LIEU": 65207, "X_CENTROID": 8202, "Y_CENTROID": 65205, "Z_MOYEN": 406, "SUPERFICIE": 1403, "POPULATION": 2.2, "CODE_CANT": "03", "CODE_ARR": "1", "CODE_DEPT": "69", "NOM_DEPT": "RHONE", "CODE_REG": "82", "NOM_REGION": "RHONE-ALPES", "CODGEO": "69021" }, "geometry": { "type": "Polygon", "coordinates": [ [ [ 820380.0, 6518093.0 ], [ 818518.0, 6518848.0 ], [ 818826.0, 6519890.0 ], [ 818631.0, 6520212.0 ], [ 817888.0, 6520291.0 ], [ 817467.0, 6520915.0 ], [ 819033.0, 6522350.0 ], [ 820117.0, 6522094.0 ], [ 821921.0, 6522431.0 ], [ 823128.0, 6522176.0 ], [ 822130.0, 6520611.0 ], [ 821898.0, 6519867.0 ], [ 820380.0, 6518093.0 ] ] ] } },
{ "type": "Feature", "properties": { "ID_GEOFLA": 3044, "CODE_COMM": "214", "INSEE_COM": "69214", "NOM_COMM": "SAINT-JEAN-LA-BUSSIERE", "STATUT": "Commune simple", "X_CHF_LIEU": 8024, "Y_CHF_LIEU": 65453, "X_CENTROID": 8031, "Y_CENTROID": 65456, "Z_MOYEN": 496, "SUPERFICIE": 1565, "POPULATION": 1.0, "CODE_CANT": "30", "CODE_ARR": "2", "CODE_DEPT": "69", "NOM_DEPT": "RHONE", "CODE_REG": "82", "NOM_REGION": "RHONE-ALPES", "CODGEO": "69214" }, "geometry": { "type": "Polygon", "coordinates": [ [ [ 804744.0, 6545088.0 ], [ 803551.0, 6543663.0 ], [ 802579.0, 6543088.0 ], [ 801864.0, 6543293.0 ], [ 801140.0, 6543083.0 ], [ 800633.0, 6544069.0 ], [ 801526.0, 6545887.0 ], [ 801391.0, 6546205.0 ], [ 802311.0, 6547326.0 ], [ 803356.0, 6547258.0 ], [ 803984.0, 6548511.0 ], [ 804711.0, 6548345.0 ], [ 805005.0, 6547684.0 ], [ 805704.0, 6547423.0 ], [ 805488.0, 6546331.0 ], [ 805004.0, 6545760.0 ], [ 804744.0, 6545088.0 ] ] ] } },
{ "type": "Feature", "properties": { "ID_GEOFLA": 3192, "CODE_COMM": "060", "INSEE_COM": "69060", "NOM_COMM": "CLAVEISOLLES", "STATUT": "Commune simple", "X_CHF_LIEU": 8154, "Y_CHF_LIEU": 65566, "X_CENTROID": 8167, "Y_CENTROID": 65564, "Z_MOYEN": 593, "SUPERFICIE": 2801, "POPULATION": 0.6, "CODE_CANT": "09", "CODE_ARR": "2", "CODE_DEPT": "69", "NOM_DEPT": "RHONE", "CODE_REG": "82", "NOM_REGION": "RHONE-ALPES", "CODGEO": "69060" }, "geometry": { "type": "Polygon", "coordinates": [ [ [ 819094.0, 6553043.0 ], [ 817558.0, 6553014.0 ], [ 816813.0, 6553909.0 ], [ 815307.0, 6553595.0 ], [ 814846.0, 6554643.0 ], [ 814929.0, 6555775.0 ], [ 813300.0, 6558353.0 ], [ 813429.0, 6559123.0 ], [ 813777.0, 6559310.0 ], [ 814930.0, 6559574.0 ], [ 816865.0, 6559224.0 ], [ 817557.0, 6559601.0 ], [ 818151.0, 6559046.0 ], [ 818310.0, 6557945.0 ], [ 819710.0, 6555844.0 ], [ 819832.0, 6555125.0 ], [ 819094.0, 6553043.0 ] ] ] } },
{ "type": "Feature", "properties": { "ID_GEOFLA": 3213, "CODE_COMM": "109", "INSEE_COM": "69109", "NOM_COMM": "LANTIGNIE", "STATUT": "Commune simple", "X_CHF_LIEU": 8252, "Y_CHF_LIEU": 65621, "X_CENTROID": 8249, "Y_CENTROID": 65630, "Z_MOYEN": 414, "SUPERFICIE": 738, "POPULATION": 0.7, "CODE_CANT": "04", "CODE_ARR": "2", "CODE_DEPT": "69", "NOM_DEPT": "RHONE", "CODE_REG": "82", "NOM_REGION": "RHONE-ALPES", "CODGEO": "69109" }, "geometry": { "type": "Polygon", "coordinates": [ [ [ 825089.0, 6560651.0 ], [ 823678.0, 6561562.0 ], [ 824413.0, 6564868.0 ], [ 824291.0, 6566008.0 ], [ 824519.0, 6565891.0 ], [ 825865.0, 6564112.0 ], [ 826195.0, 6563029.0 ], [ 825089.0, 6560651.0 ] ] ] } },
{ "type": "Feature", "properties": { "ID_GEOFLA": 3261, "CODE_COMM": "073", "INSEE_COM": "69073", "NOM_COMM": "DAREIZE", "STATUT": "Commune simple", "X_CHF_LIEU": 8155, "Y_CHF_LIEU": 65347, "X_CENTROID": 8153, "Y_CENTROID": 65350, "Z_MOYEN": 449, "SUPERFICIE": 652, "POPULATION": 0.4, "CODE_CANT": "29", "CODE_ARR": "2", "CODE_DEPT": "69", "NOM_DEPT": "RHONE", "CODE_REG": "82", "NOM_REGION": "RHONE-ALPES", "CODGEO": "69073" }, "geometry": { "type": "Polygon", "coordinates": [ [ [ 818302.0, 6535046.0 ], [ 817374.0, 6534389.0 ], [ 815039.0, 6534234.0 ], [ 812502.0, 6535050.0 ], [ 812482.0, 6535070.0 ], [ 813320.0, 6535818.0 ], [ 815554.0, 6535707.0 ], [ 815836.0, 6535956.0 ], [ 818302.0, 6535046.0 ] ] ] } },
{ "type": "Feature", "properties": { "ID_GEOFLA": 3497, "CODE_COMM": "281", "INSEE_COM": "69281", "NOM_COMM": "MARENNES", "STATUT": "Commune simple", "X_CHF_LIEU": 8490, "Y_CHF_LIEU": 65041, "X_CENTROID": 8486, "Y_CENTROID": 65044, "Z_MOYEN": 229, "SUPERFICIE": 1244, "POPULATION": 1.6, "CODE_CANT": "38", "CODE_ARR": "1", "CODE_DEPT": "69", "NOM_DEPT": "RHONE", "CODE_REG": "82", "NOM_REGION": "RHONE-ALPES", "CODGEO": "69281" }, "geometry": { "type": "Polygon", "coordinates": [ [ [ 847424.0, 6501991.0 ], [ 847036.0, 6503419.0 ], [ 847138.0, 6505290.0 ], [ 847392.0, 6506462.0 ], [ 849317.0, 6507220.0 ], [ 849429.0, 6505751.0 ], [ 850599.0, 6503914.0 ], [ 850599.0, 6503160.0 ], [ 850196.0, 6502522.0 ], [ 848727.0, 6502596.0 ], [ 847424.0, 6501991.0 ] ] ] } },
{ "type": "Feature", "properties": { "ID_GEOFLA": 3578, "CODE_COMM": "245", "INSEE_COM": "69245", "NOM_COMM": "TERNAND", "STATUT": "Commune simple", "X_CHF_LIEU": 8184, "Y_CHF_LIEU": 65394, "X_CENTROID": 8178, "Y_CENTROID": 65398, "Z_MOYEN": 424, "SUPERFICIE": 1074, "POPULATION": 0.7, "CODE_CANT": "06", "CODE_ARR": "2", "CODE_DEPT": "69", "NOM_DEPT": "RHONE", "CODE_REG": "82", "NOM_REGION": "RHONE-ALPES", "CODGEO": "69245" }, "geometry": { "type": "Polygon", "coordinates": [ [ [ 819157.0, 6538081.0 ], [ 814838.0, 6539581.0 ], [ 814508.0, 6540163.0 ], [ 814862.0, 6541200.0 ], [ 815623.0, 6540412.0 ], [ 817816.0, 6540635.0 ], [ 818409.0, 6540160.0 ], [ 819498.0, 6541220.0 ], [ 819977.0, 6542255.0 ], [ 820509.0, 6541342.0 ], [ 820064.0, 6539627.0 ], [ 819157.0, 6538081.0 ] ] ] } },
{ "type": "Feature", "properties": { "ID_GEOFLA": 3608, "CODE_COMM": "151", "INSEE_COM": "69151", "NOM_COMM": "LE PERREON", "STATUT": "Commune simple", "X_CHF_LIEU": 8237, "Y_CHF_LIEU": 65527, "X_CENTROID": 8221, "Y_CENTROID": 65534, "Z_MOYEN": 461, "SUPERFICIE": 1444, "POPULATION": 1.4, "CODE_CANT": "53", "CODE_ARR": "2", "CODE_DEPT": "69", "NOM_DEPT": "RHONE", "CODE_REG": "82", "NOM_REGION": "RHONE-ALPES", "CODGEO": "69151" }, "geometry": { "type": "Polygon", "coordinates": [ [ [ 825155.0, 6551353.0 ], [ 824777.0, 6551441.0 ], [ 824485.0, 6552130.0 ], [ 823747.0, 6552371.0 ], [ 820320.0, 6552151.0 ], [ 819591.0, 6552391.0 ], [ 819079.0, 6552974.0 ], [ 819094.0, 6553043.0 ], [ 819832.0, 6555125.0 ], [ 820843.0, 6554910.0 ], [ 821755.0, 6555440.0 ], [ 822391.0, 6555283.0 ], [ 823093.0, 6554493.0 ], [ 825656.0, 6552688.0 ], [ 826275.0, 6552078.0 ], [ 825647.0, 6552167.0 ], [ 825155.0, 6551353.0 ] ] ] } },
{ "type": "Feature", "properties": { "ID_GEOFLA": 4053, "CODE_COMM": "222", "INSEE_COM": "69222", "NOM_COMM": "SAINT-LAURENT-D'OINGT", "STATUT": "Commune simple", "X_CHF_LIEU": 8210, "Y_CHF_LIEU": 65394, "X_CENTROID": 8211, "Y_CENTROID": 65389, "Z_MOYEN": 362, "SUPERFICIE": 915, "POPULATION": 0.8, "CODE_CANT": "06", "CODE_ARR": "2", "CODE_DEPT": "69", "NOM_DEPT": "RHONE", "CODE_REG": "82", "NOM_REGION": "RHONE-ALPES", "CODGEO": "69222" }, "geometry": { "type": "Polygon", "coordinates": [ [ [ 821019.0, 6536821.0 ], [ 820309.0, 6536727.0 ], [ 819157.0, 6538081.0 ], [ 820064.0, 6539627.0 ], [ 821931.0, 6540928.0 ], [ 822129.0, 6542786.0 ], [ 822402.0, 6542504.0 ], [ 822670.0, 6541432.0 ], [ 822001.0, 6540058.0 ], [ 822780.0, 6538280.0 ], [ 821019.0, 6536821.0 ] ] ] } },
{ "type": "Feature", "properties": { "ID_GEOFLA": 4110, "CODE_COMM": "225", "INSEE_COM": "69225", "NOM_COMM": "SAINT-MARCEL-L'ECLAIRE", "STATUT": "Commune simple", "X_CHF_LIEU": 8112, "Y_CHF_LIEU": 65314, "X_CENTROID": 8103, "Y_CENTROID": 65315, "Z_MOYEN": 594, "SUPERFICIE": 1183, "POPULATION": 0.5, "CODE_CANT": "29", "CODE_ARR": "2", "CODE_DEPT": "69", "NOM_DEPT": "RHONE", "CODE_REG": "82", "NOM_REGION": "RHONE-ALPES", "CODGEO": "69225" }, "geometry": { "type": "Polygon", "coordinates": [ [ [ 810088.0, 6530225.0 ], [ 808940.0, 6529012.0 ], [ 808321.0, 6529865.0 ], [ 808181.0, 6530456.0 ], [ 808626.0, 6531021.0 ], [ 808418.0, 6532453.0 ], [ 809520.0, 6533377.0 ], [ 809883.0, 6533475.0 ], [ 811031.0, 6532564.0 ], [ 812145.0, 6532623.0 ], [ 812737.0, 6533061.0 ], [ 813447.0, 6532819.0 ], [ 812713.0, 6531962.0 ], [ 812872.0, 6531225.0 ], [ 810088.0, 6530225.0 ] ] ] } },
{ "type": "Feature", "properties": { "ID_GEOFLA": 4479, "CODE_COMM": "162", "INSEE_COM": "69162", "NOM_COMM": "QUINCIE-EN-BEAUJOLAIS", "STATUT": "Commune simple", "X_CHF_LIEU": 8248, "Y_CHF_LIEU": 65589, "X_CENTROID": 8241, "Y_CENTROID": 65583, "Z_MOYEN": 403, "SUPERFICIE": 2197, "POPULATION": 1.2, "CODE_CANT": "04", "CODE_ARR": "2", "CODE_DEPT": "69", "NOM_DEPT": "RHONE", "CODE_REG": "82", "NOM_REGION": "RHONE-ALPES", "CODGEO": "69162" }, "geometry": { "type": "Polygon", "coordinates": [ [ [ 823093.0, 6554493.0 ], [ 822391.0, 6555283.0 ], [ 822967.0, 6557027.0 ], [ 822463.0, 6557558.0 ], [ 821862.0, 6560064.0 ], [ 822980.0, 6561489.0 ], [ 823678.0, 6561562.0 ], [ 825089.0, 6560651.0 ], [ 826711.0, 6559218.0 ], [ 827281.0, 6558784.0 ], [ 827188.0, 6557830.0 ], [ 826827.0, 6557923.0 ], [ 825345.0, 6556806.0 ], [ 824903.0, 6555812.0 ], [ 823825.0, 6554717.0 ], [ 823093.0, 6554493.0 ] ] ] } },
{ "type": "Feature", "properties": { "ID_GEOFLA": 4564, "CODE_COMM": "122", "INSEE_COM": "69122", "NOM_COMM": "LUCENAY", "STATUT": "Commune simple", "X_CHF_LIEU": 8319, "Y_CHF_LIEU": 65362, "X_CENTROID": 8324, "Y_CENTROID": 65362, "Z_MOYEN": 214, "SUPERFICIE": 642, "POPULATION": 1.6, "CODE_CANT": "02", "CODE_ARR": "2", "CODE_DEPT": "69", "NOM_DEPT": "RHONE", "CODE_REG": "82", "NOM_REGION": "RHONE-ALPES", "CODGEO": "69122" }, "geometry": { "type": "Polygon", "coordinates": [ [ [ 833869.0, 6535662.0 ], [ 832486.0, 6535214.0 ], [ 830684.0, 6535350.0 ], [ 830839.0, 6536627.0 ], [ 831675.0, 6537414.0 ], [ 834276.0, 6537122.0 ], [ 834422.0, 6536102.0 ], [ 834382.0, 6536092.0 ], [ 833869.0, 6535662.0 ] ] ] } },
{ "type": "Feature", "properties": { "ID_GEOFLA": 4888, "CODE_COMM": "134", "INSEE_COM": "69134", "NOM_COMM": "MOIRE", "STATUT": "Commune simple", "X_CHF_LIEU": 8242, "Y_CHF_LIEU": 65376, "X_CENTROID": 8241, "Y_CENTROID": 65375, "Z_MOYEN": 413, "SUPERFICIE": 203, "POPULATION": 0.2, "CODE_CANT": "06", "CODE_ARR": "2", "CODE_DEPT": "69", "NOM_DEPT": "RHONE", "CODE_REG": "82", "NOM_REGION": "RHONE-ALPES", "CODGEO": "69134" }, "geometry": { "type": "Polygon", "coordinates": [ [ [ 823663.0, 6536329.0 ], [ 823388.0, 6538060.0 ], [ 823394.0, 6538149.0 ], [ 823914.0, 6538549.0 ], [ 825011.0, 6537931.0 ], [ 824920.0, 6537232.0 ], [ 823663.0, 6536329.0 ] ] ] } },
{ "type": "Feature", "properties": { "ID_GEOFLA": 5006, "CODE_COMM": "141", "INSEE_COM": "69141", "NOM_COMM": "MORNANT", "STATUT": "Chef-lieu canton", "X_CHF_LIEU": 8303, "Y_CHF_LIEU": 65035, "X_CENTROID": 8304, "Y_CENTROID": 65032, "Z_MOYEN": 361, "SUPERFICIE": 1574, "POPULATION": 5.3, "CODE_CANT": "24", "CODE_ARR": "1", "CODE_DEPT": "69", "NOM_DEPT": "RHONE", "CODE_REG": "82", "NOM_REGION": "RHONE-ALPES", "CODGEO": "69141" }, "geometry": { "type": "Polygon", "coordinates": [ [ [ 829859.0, 6500158.0 ], [ 829766.0, 6501313.0 ], [ 828150.0, 6502415.0 ], [ 827752.0, 6502598.0 ], [ 828657.0, 6503849.0 ], [ 828533.0, 6504610.0 ], [ 828814.0, 6504813.0 ], [ 828906.0, 6506180.0 ], [ 830599.0, 6504771.0 ], [ 832134.0, 6504620.0 ], [ 833270.0, 6503575.0 ], [ 832795.0, 6503101.0 ], [ 832968.0, 6502144.0 ], [ 831487.0, 6501779.0 ], [ 829859.0, 6500158.0 ] ] ] } },
{ "type": "Feature", "properties": { "ID_GEOFLA": 5127, "CODE_COMM": "102", "INSEE_COM": "69102", "NOM_COMM": "JOUX", "STATUT": "Commune simple", "X_CHF_LIEU": 8064, "Y_CHF_LIEU": 65328, "X_CENTROID": 8060, "Y_CENTROID": 65332, "Z_MOYEN": 659, "SUPERFICIE": 2502, "POPULATION": 0.7, "CODE_CANT": "29", "CODE_ARR": "2", "CODE_DEPT": "69", "NOM_DEPT": "RHONE", "CODE_REG": "82", "NOM_REGION": "RHONE-ALPES", "CODGEO": "69102" }, "geometry": { "type": "Polygon", "coordinates": [ [ [ 808181.0, 6530456.0 ], [ 805590.0, 6530522.0 ], [ 804125.0, 6531689.0 ], [ 803671.0, 6533154.0 ], [ 802827.0, 6533940.0 ], [ 802582.0, 6534660.0 ], [ 804342.0, 6536009.0 ], [ 805108.0, 6536015.0 ], [ 806808.0, 6535135.0 ], [ 808241.0, 6535186.0 ], [ 808785.0, 6533499.0 ], [ 809520.0, 6533377.0 ], [ 808418.0, 6532453.0 ], [ 808626.0, 6531021.0 ], [ 808181.0, 6530456.0 ] ] ] } },
{ "type": "Feature", "properties": { "ID_GEOFLA": 5128, "CODE_COMM": "244", "INSEE_COM": "69244", "NOM_COMM": "TASSIN-LA-DEMI-LUNE", "STATUT": "Chef-lieu canton", "X_CHF_LIEU": 8383, "Y_CHF_LIEU": 65197, "X_CENTROID": 8364, "Y_CENTROID": 65196, "Z_MOYEN": 240, "SUPERFICIE": 794, "POPULATION": 18.3, "CODE_CANT": "51", "CODE_ARR": "1", "CODE_DEPT": "69", "NOM_DEPT": "RHONE", "CODE_REG": "82", "NOM_REGION": "RHONE-ALPES", "CODGEO": "69244" }, "geometry": { "type": "Polygon", "coordinates": [ [ [ 836223.0, 6518247.0 ], [ 835580.0, 6518483.0 ], [ 835553.0, 6518832.0 ], [ 834743.0, 6520478.0 ], [ 833292.0, 6520141.0 ], [ 833030.0, 6520248.0 ], [ 833028.0, 6520812.0 ], [ 834175.0, 6521162.0 ], [ 835459.0, 6520441.0 ], [ 836862.0, 6520535.0 ], [ 837722.0, 6519894.0 ], [ 839283.0, 6520879.0 ], [ 838848.0, 6519855.0 ], [ 838532.0, 6518906.0 ], [ 837727.0, 6518344.0 ], [ 836223.0, 6518247.0 ] ] ] } },
{ "type": "Feature", "properties": { "ID_GEOFLA": 5239, "CODE_COMM": "014", "INSEE_COM": "69014", "NOM_COMM": "AVEIZE", "STATUT": "Commune simple", "X_CHF_LIEU": 8150, "Y_CHF_LIEU": 65102, "X_CENTROID": 8148, "Y_CENTROID": 65099, "Z_MOYEN": 687, "SUPERFICIE": 1690, "POPULATION": 1.1, "CODE_CANT": "28", "CODE_ARR": "1", "CODE_DEPT": "69", "NOM_DEPT": "RHONE", "CODE_REG": "82", "NOM_REGION": "RHONE-ALPES", "CODGEO": "69014" }, "geometry": { "type": "Polygon", "coordinates": [ [ [ 815327.0, 6507810.0 ], [ 814734.0, 6507545.0 ], [ 813455.0, 6508011.0 ], [ 813457.0, 6508380.0 ], [ 812175.0, 6509635.0 ], [ 812740.0, 6510568.0 ], [ 812546.0, 6510876.0 ], [ 813490.0, 6512107.0 ], [ 814057.0, 6511713.0 ], [ 814696.0, 6512520.0 ], [ 815043.0, 6512548.0 ], [ 815663.0, 6511646.0 ], [ 817034.0, 6511102.0 ], [ 817359.0, 6509993.0 ], [ 817301.0, 6508845.0 ], [ 816963.0, 6508660.0 ], [ 815327.0, 6507810.0 ] ] ] } },
{ "type": "Feature", "properties": { "ID_GEOFLA": 5379, "CODE_COMM": "227", "INSEE_COM": "69227", "NOM_COMM": "SAINT-MARTIN-EN-HAUT", "STATUT": "Commune simple", "X_CHF_LIEU": 8216, "Y_CHF_LIEU": 65079, "X_CENTROID": 8213, "Y_CENTROID": 65077, "Z_MOYEN": 708, "SUPERFICIE": 3902, "POPULATION": 3.9, "CODE_CANT": "28", "CODE_ARR": "1", "CODE_DEPT": "69", "NOM_DEPT": "RHONE", "CODE_REG": "82", "NOM_REGION": "RHONE-ALPES", "CODGEO": "69227" }, "geometry": { "type": "Polygon", "coordinates": [ [ [ 821422.0, 6502587.0 ], [ 820800.0, 6503981.0 ], [ 819035.0, 6504547.0 ], [ 819107.0, 6505679.0 ], [ 817962.0, 6505694.0 ], [ 817834.0, 6506585.0 ], [ 818875.0, 6508582.0 ], [ 818877.0, 6509698.0 ], [ 819703.0, 6510461.0 ], [ 820744.0, 6510843.0 ], [ 820879.0, 6511573.0 ], [ 820430.0, 6512182.0 ], [ 821331.0, 6512773.0 ], [ 821657.0, 6512602.0 ], [ 823238.0, 6512303.0 ], [ 822648.0, 6511866.0 ], [ 824521.0, 6509200.0 ], [ 823620.0, 6508046.0 ], [ 824209.0, 6507566.0 ], [ 823938.0, 6506473.0 ], [ 822994.0, 6504883.0 ], [ 823481.0, 6504418.0 ], [ 822826.0, 6504068.0 ], [ 822417.0, 6503033.0 ], [ 821422.0, 6502587.0 ] ] ] } },
{ "type": "Feature", "properties": { "ID_GEOFLA": 5421, "CODE_COMM": "228", "INSEE_COM": "69228", "NOM_COMM": "SAINT-MAURICE-SUR-DARGOIRE", "STATUT": "Commune simple", "X_CHF_LIEU": 8271, "Y_CHF_LIEU": 64993, "X_CENTROID": 8279, "Y_CENTROID": 64989, "Z_MOYEN": 378, "SUPERFICIE": 1623, "POPULATION": 2.2, "CODE_CANT": "24", "CODE_ARR": "1", "CODE_DEPT": "69", "NOM_DEPT": "RHONE", "CODE_REG": "82", "NOM_REGION": "RHONE-ALPES", "CODGEO": "69228" }, "geometry": { "type": "Polygon", "coordinates": [ [ [ 828334.0, 6494745.0 ], [ 827611.0, 6495642.0 ], [ 826796.0, 6497833.0 ], [ 825934.0, 6498618.0 ], [ 825828.0, 6499313.0 ], [ 828150.0, 6502415.0 ], [ 829766.0, 6501313.0 ], [ 829859.0, 6500158.0 ], [ 829003.0, 6498937.0 ], [ 828642.0, 6497500.0 ], [ 828455.0, 6496460.0 ], [ 829516.0, 6495110.0 ], [ 828334.0, 6494745.0 ] ] ] } },
{ "type": "Feature", "properties": { "ID_GEOFLA": 5689, "CODE_COMM": "229", "INSEE_COM": "69229", "NOM_COMM": "SAINT-NIZIER-D'AZERGUES", "STATUT": "Commune simple", "X_CHF_LIEU": 8132, "Y_CHF_LIEU": 65552, "X_CENTROID": 8129, "Y_CENTROID": 65547, "Z_MOYEN": 608, "SUPERFICIE": 2416, "POPULATION": 0.7, "CODE_CANT": "09", "CODE_ARR": "2", "CODE_DEPT": "69", "NOM_DEPT": "RHONE", "CODE_REG": "82", "NOM_REGION": "RHONE-ALPES", "CODGEO": "69229" }, "geometry": { "type": "Polygon", "coordinates": [ [ [ 814200.0, 6550827.0 ], [ 813016.0, 6551540.0 ], [ 811998.0, 6551650.0 ], [ 811415.0, 6552305.0 ], [ 811647.0, 6553039.0 ], [ 811466.0, 6554981.0 ], [ 810668.0, 6556762.0 ], [ 810548.0, 6558507.0 ], [ 812276.0, 6558217.0 ], [ 813176.0, 6557655.0 ], [ 813300.0, 6558353.0 ], [ 814929.0, 6555775.0 ], [ 814846.0, 6554643.0 ], [ 815307.0, 6553595.0 ], [ 814850.0, 6552559.0 ], [ 815095.0, 6551466.0 ], [ 814200.0, 6550827.0 ] ] ] } },
{ "type": "Feature", "properties": { "ID_GEOFLA": 5815, "CODE_COMM": "254", "INSEE_COM": "69254", "NOM_COMM": "VALSONNE", "STATUT": "Commune simple", "X_CHF_LIEU": 8107, "Y_CHF_LIEU": 65395, "X_CENTROID": 8101, "Y_CENTROID": 65395, "Z_MOYEN": 612, "SUPERFICIE": 1834, "POPULATION": 0.8, "CODE_CANT": "29", "CODE_ARR": "2", "CODE_DEPT": "69", "NOM_DEPT": "RHONE", "CODE_REG": "82", "NOM_REGION": "RHONE-ALPES", "CODGEO": "69254" }, "geometry": { "type": "Polygon", "coordinates": [ [ [ 810264.0, 6536863.0 ], [ 809952.0, 6536717.0 ], [ 808557.0, 6537696.0 ], [ 808332.0, 6538764.0 ], [ 807654.0, 6538978.0 ], [ 807665.0, 6539697.0 ], [ 807685.0, 6540488.0 ], [ 809022.0, 6542393.0 ], [ 809389.0, 6541767.0 ], [ 810034.0, 6542014.0 ], [ 810990.0, 6541707.0 ], [ 813503.0, 6539373.0 ], [ 811548.0, 6538344.0 ], [ 811435.0, 6537670.0 ], [ 810264.0, 6536863.0 ] ] ] } },
{ "type": "Feature", "properties": { "ID_GEOFLA": 5837, "CODE_COMM": "006", "INSEE_COM": "69006", "NOM_COMM": "AMPLEPUIS", "STATUT": "Chef-lieu canton", "X_CHF_LIEU": 8030, "Y_CHF_LIEU": 65422, "X_CENTROID": 8027, "Y_CENTROID": 65414, "Z_MOYEN": 522, "SUPERFICIE": 3873, "POPULATION": 5.1, "CODE_CANT": "01", "CODE_ARR": "2", "CODE_DEPT": "69", "NOM_DEPT": "RHONE", "CODE_REG": "82", "NOM_REGION": "RHONE-ALPES", "CODGEO": "69006" }, "geometry": { "type": "Polygon", "coordinates": [ [ [ 804300.0, 6537583.0 ], [ 803562.0, 6537780.0 ], [ 802422.0, 6538793.0 ], [ 801672.0, 6538910.0 ], [ 800220.0, 6540120.0 ], [ 800727.0, 6540675.0 ], [ 800497.0, 6541406.0 ], [ 799790.0, 6542309.0 ], [ 798769.0, 6542806.0 ], [ 797465.0, 6543160.0 ], [ 796609.0, 6543763.0 ], [ 796438.0, 6544804.0 ], [ 797875.0, 6545093.0 ], [ 798268.0, 6544455.0 ], [ 798642.0, 6544422.0 ], [ 799763.0, 6544806.0 ], [ 800633.0, 6544069.0 ], [ 801140.0, 6543083.0 ], [ 801864.0, 6543293.0 ], [ 802579.0, 6543088.0 ], [ 803551.0, 6543663.0 ], [ 804744.0, 6545088.0 ], [ 805091.0, 6544914.0 ], [ 805172.0, 6543411.0 ], [ 806436.0, 6540619.0 ], [ 807665.0, 6539697.0 ], [ 807654.0, 6538978.0 ], [ 807271.0, 6538374.0 ], [ 806557.0, 6538160.0 ], [ 804810.0, 6538572.0 ], [ 804300.0, 6537583.0 ] ] ] } },
{ "type": "Feature", "properties": { "ID_GEOFLA": 6035, "CODE_COMM": "145", "INSEE_COM": "69145", "NOM_COMM": "ODENAS", "STATUT": "Commune simple", "X_CHF_LIEU": 8272, "Y_CHF_LIEU": 65555, "X_CENTROID": 8270, "Y_CENTROID": 65562, "Z_MOYEN": 337, "SUPERFICIE": 910, "POPULATION": 0.7, "CODE_CANT": "05", "CODE_ARR": "2", "CODE_DEPT": "69", "NOM_DEPT": "RHONE", "CODE_REG": "82", "NOM_REGION": "RHONE-ALPES", "CODGEO": "69145" }, "geometry": { "type": "Polygon", "coordinates": [ [ [ 828733.0, 6554400.0 ], [ 827078.0, 6554894.0 ], [ 824903.0, 6555812.0 ], [ 825345.0, 6556806.0 ], [ 826827.0, 6557923.0 ], [ 827188.0, 6557830.0 ], [ 828816.0, 6557077.0 ], [ 828495.0, 6556497.0 ], [ 828733.0, 6554400.0 ] ] ] } },
{ "type": "Feature", "properties": { "ID_GEOFLA": 6134, "CODE_COMM": "119", "INSEE_COM": "69119", "NOM_COMM": "LONGES", "STATUT": "Commune simple", "X_CHF_LIEU": 8318, "Y_CHF_LIEU": 64908, "X_CENTROID": 8312, "Y_CENTROID": 64908, "Z_MOYEN": 493, "SUPERFICIE": 2386, "POPULATION": 0.8, "CODE_CANT": "07", "CODE_ARR": "1", "CODE_DEPT": "69", "NOM_DEPT": "RHONE", "CODE_REG": "82", "NOM_REGION": "RHONE-ALPES", "CODGEO": "69119" }, "geometry": { "type": "Polygon", "coordinates": [ [ [ 831390.0, 6488105.0 ], [ 831038.0, 6488191.0 ], [ 830521.0, 6487695.0 ], [ 830360.0, 6488365.0 ], [ 829832.0, 6488828.0 ], [ 829203.0, 6488935.0 ], [ 828903.0, 6489975.0 ], [ 829186.0, 6490234.0 ], [ 828835.0, 6493612.0 ], [ 829668.0, 6494376.0 ], [ 829946.0, 6495076.0 ], [ 830036.0, 6495101.0 ], [ 830547.0, 6493764.0 ], [ 832924.0, 6492268.0 ], [ 833157.0, 6491564.0 ], [ 834592.0, 6489891.0 ], [ 834471.0, 6489792.0 ], [ 832791.0, 6487949.0 ], [ 831390.0, 6488105.0 ] ] ] } },
{ "type": "Feature", "properties": { "ID_GEOFLA": 6297, "CODE_COMM": "209", "INSEE_COM": "69209", "NOM_COMM": "SAINT-IGNY-DE-VERS", "STATUT": "Commune simple", "X_CHF_LIEU": 8106, "Y_CHF_LIEU": 65722, "X_CENTROID": 8110, "Y_CENTROID": 65718, "Z_MOYEN": 602, "SUPERFICIE": 2711, "POPULATION": 0.6, "CODE_CANT": "23", "CODE_ARR": "2", "CODE_DEPT": "69", "NOM_DEPT": "RHONE", "CODE_REG": "82", "NOM_REGION": "RHONE-ALPES", "CODGEO": "69209" }, "geometry": { "type": "Polygon", "coordinates": [ [ [ 811462.0, 6568456.0 ], [ 810290.0, 6569415.0 ], [ 808078.0, 6572922.0 ], [ 806954.0, 6572945.0 ], [ 807283.0, 6574772.0 ], [ 807576.0, 6575023.0 ], [ 809007.0, 6574540.0 ], [ 810055.0, 6574972.0 ], [ 810382.0, 6574774.0 ], [ 811370.0, 6573555.0 ], [ 812835.0, 6572963.0 ], [ 814418.0, 6571827.0 ], [ 814621.0, 6571495.0 ], [ 814388.0, 6568810.0 ], [ 812648.0, 6569253.0 ], [ 811462.0, 6568456.0 ] ] ] } },
{ "type": "Feature", "properties": { "ID_GEOFLA": 6585, "CODE_COMM": "295", "INSEE_COM": "69295", "NOM_COMM": "SIMANDRES", "STATUT": "Commune simple", "X_CHF_LIEU": 8459, "Y_CHF_LIEU": 65039, "X_CENTROID": 8458, "Y_CENTROID": 65030, "Z_MOYEN": 241, "SUPERFICIE": 945, "POPULATION": 1.5, "CODE_CANT": "38", "CODE_ARR": "1", "CODE_DEPT": "69", "NOM_DEPT": "RHONE", "CODE_REG": "82", "NOM_REGION": "RHONE-ALPES", "CODGEO": "69295" }, "geometry": { "type": "Polygon", "coordinates": [ [ [ 844991.0, 6500743.0 ], [ 844478.0, 6501289.0 ], [ 844427.0, 6503175.0 ], [ 844544.0, 6503939.0 ], [ 845608.0, 6505049.0 ], [ 847138.0, 6505290.0 ], [ 847036.0, 6503419.0 ], [ 847424.0, 6501991.0 ], [ 847139.0, 6501988.0 ], [ 846753.0, 6502002.0 ], [ 846613.0, 6501642.0 ], [ 844991.0, 6500743.0 ] ] ] } },
{ "type": "Feature", "properties": { "ID_GEOFLA": 6687, "CODE_COMM": "216", "INSEE_COM": "69216", "NOM_COMM": "SAINT-JULIEN-SUR-BIBOST", "STATUT": "Commune simple", "X_CHF_LIEU": 8179, "Y_CHF_LIEU": 65238, "X_CENTROID": 8172, "Y_CENTROID": 65234, "Z_MOYEN": 605, "SUPERFICIE": 1330, "POPULATION": 0.5, "CODE_CANT": "03", "CODE_ARR": "1", "CODE_DEPT": "69", "NOM_DEPT": "RHONE", "CODE_REG": "82", "NOM_REGION": "RHONE-ALPES", "CODGEO": "69216" }, "geometry": { "type": "Polygon", "coordinates": [ [ [ 817467.0, 6520915.0 ], [ 816101.0, 6520574.0 ], [ 815458.0, 6520802.0 ], [ 816578.0, 6522299.0 ], [ 816528.0, 6522677.0 ], [ 816130.0, 6523748.0 ], [ 814929.0, 6524648.0 ], [ 814582.0, 6525316.0 ], [ 816813.0, 6525350.0 ], [ 817838.0, 6525788.0 ], [ 818328.0, 6524923.0 ], [ 819029.0, 6525014.0 ], [ 819759.0, 6524278.0 ], [ 819383.0, 6524215.0 ], [ 818674.0, 6522898.0 ], [ 819033.0, 6522350.0 ], [ 817467.0, 6520915.0 ] ] ] } },
{ "type": "Feature", "properties": { "ID_GEOFLA": 6992, "CODE_COMM": "150", "INSEE_COM": "69150", "NOM_COMM": "OUROUX", "STATUT": "Commune simple", "X_CHF_LIEU": 8228, "Y_CHF_LIEU": 65713, "X_CENTROID": 8219, "Y_CENTROID": 65707, "Z_MOYEN": 595, "SUPERFICIE": 2089, "POPULATION": 0.3, "CODE_CANT": "23", "CODE_ARR": "2", "CODE_DEPT": "69", "NOM_DEPT": "RHONE", "CODE_REG": "82", "NOM_REGION": "RHONE-ALPES", "CODGEO": "69150" }, "geometry": { "type": "Polygon", "coordinates": [ [ [ 821054.0, 6567849.0 ], [ 820424.0, 6568749.0 ], [ 819775.0, 6569093.0 ], [ 818763.0, 6568688.0 ], [ 819218.0, 6569689.0 ], [ 819067.0, 6571528.0 ], [ 819768.0, 6572256.0 ], [ 820900.0, 6572125.0 ], [ 821942.0, 6572592.0 ], [ 822027.0, 6572967.0 ], [ 824168.0, 6573115.0 ], [ 824371.0, 6573411.0 ], [ 825026.0, 6573131.0 ], [ 825080.0, 6572043.0 ], [ 824340.0, 6571322.0 ], [ 824073.0, 6570306.0 ], [ 823470.0, 6569914.0 ], [ 823268.0, 6568781.0 ], [ 822811.0, 6568176.0 ], [ 821315.0, 6568135.0 ], [ 821054.0, 6567849.0 ] ] ] } },
{ "type": "Feature", "properties": { "ID_GEOFLA": 7057, "CODE_COMM": "186", "INSEE_COM": "69186", "NOM_COMM": "SAINT-CLEMENT-DE-VERS", "STATUT": "Commune simple", "X_CHF_LIEU": 8081, "Y_CHF_LIEU": 65705, "X_CENTROID": 8085, "Y_CENTROID": 65706, "Z_MOYEN": 538, "SUPERFICIE": 891, "POPULATION": 0.2, "CODE_CANT": "23", "CODE_ARR": "2", "CODE_DEPT": "69", "NOM_DEPT": "RHONE", "CODE_REG": "82", "NOM_REGION": "RHONE-ALPES", "CODGEO": "69186" }, "geometry": { "type": "Polygon", "coordinates": [ [ [ 809614.0, 6568451.0 ], [ 808432.0, 6569829.0 ], [ 806993.0, 6569822.0 ], [ 806838.0, 6570473.0 ], [ 807221.0, 6571795.0 ], [ 806748.0, 6572747.0 ], [ 806954.0, 6572945.0 ], [ 808078.0, 6572922.0 ], [ 810290.0, 6569415.0 ], [ 811462.0, 6568456.0 ], [ 809614.0, 6568451.0 ] ] ] } },
{ "type": "Feature", "properties": { "ID_GEOFLA": 7066, "CODE_COMM": "246", "INSEE_COM": "69246", "NOM_COMM": "THEIZE", "STATUT": "Commune simple", "X_CHF_LIEU": 8252, "Y_CHF_LIEU": 65390, "X_CENTROID": 8260, "Y_CENTROID": 65391, "Z_MOYEN": 381, "SUPERFICIE": 1188, "POPULATION": 1.0, "CODE_CANT": "06", "CODE_ARR": "2", "CODE_DEPT": "69", "NOM_DEPT": "RHONE", "CODE_REG": "82", "NOM_REGION": "RHONE-ALPES", "CODGEO": "69246" }, "geometry": { "type": "Polygon", "coordinates": [ [ [ 828075.0, 6537620.0 ], [ 827931.0, 6537964.0 ], [ 825011.0, 6537931.0 ], [ 823914.0, 6538549.0 ], [ 823394.0, 6538149.0 ], [ 823440.0, 6540102.0 ], [ 824547.0, 6540106.0 ], [ 824971.0, 6540715.0 ], [ 825690.0, 6540818.0 ], [ 826231.0, 6541003.0 ], [ 826723.0, 6540075.0 ], [ 827316.0, 6539672.0 ], [ 828628.0, 6540288.0 ], [ 828797.0, 6540217.0 ], [ 828831.0, 6540091.0 ], [ 828573.0, 6538555.0 ], [ 828316.0, 6537688.0 ], [ 828075.0, 6537620.0 ] ] ] } },
{ "type": "Feature", "properties": { "ID_GEOFLA": 7363, "CODE_COMM": "095", "INSEE_COM": "69095", "NOM_COMM": "GREZIEU-LE-MARCHE", "STATUT": "Commune simple", "X_CHF_LIEU": 8106, "Y_CHF_LIEU": 65073, "X_CENTROID": 8106, "Y_CENTROID": 65079, "Z_MOYEN": 597, "SUPERFICIE": 1153, "POPULATION": 0.7, "CODE_CANT": "28", "CODE_ARR": "1", "CODE_DEPT": "69", "NOM_DEPT": "RHONE", "CODE_REG": "82", "NOM_REGION": "RHONE-ALPES", "CODGEO": "69095" }, "geometry": { "type": "Polygon", "coordinates": [ [ [ 809749.0, 6505155.0 ], [ 808451.0, 6506964.0 ], [ 808713.0, 6507461.0 ], [ 808429.0, 6507948.0 ], [ 811238.0, 6510157.0 ], [ 812175.0, 6509635.0 ], [ 813457.0, 6508380.0 ], [ 813455.0, 6508011.0 ], [ 813156.0, 6507774.0 ], [ 812518.0, 6508074.0 ], [ 810995.0, 6506951.0 ], [ 809887.0, 6505905.0 ], [ 809749.0, 6505155.0 ] ] ] } },
{ "type": "Feature", "properties": { "ID_GEOFLA": 7551, "CODE_COMM": "067", "INSEE_COM": "69067", "NOM_COMM": "COURZIEU", "STATUT": "Commune simple", "X_CHF_LIEU": 8221, "Y_CHF_LIEU": 65170, "X_CENTROID": 8220, "Y_CENTROID": 65169, "Z_MOYEN": 552, "SUPERFICIE": 2678, "POPULATION": 1.2, "CODE_CANT": "31", "CODE_ARR": "1", "CODE_DEPT": "69", "NOM_DEPT": "RHONE", "CODE_REG": "82", "NOM_REGION": "RHONE-ALPES", "CODGEO": "69067" }, "geometry": { "type": "Polygon", "coordinates": [ [ [ 821829.0, 6514523.0 ], [ 821185.0, 6514180.0 ], [ 819813.0, 6514777.0 ], [ 819079.0, 6514670.0 ], [ 818300.0, 6515498.0 ], [ 818430.0, 6516661.0 ], [ 820380.0, 6518093.0 ], [ 821898.0, 6519867.0 ], [ 822130.0, 6520611.0 ], [ 823380.0, 6519743.0 ], [ 823883.0, 6518723.0 ], [ 825731.0, 6518682.0 ], [ 825745.0, 6518641.0 ], [ 825252.0, 6518075.0 ], [ 825558.0, 6516612.0 ], [ 824589.0, 6515454.0 ], [ 824013.0, 6514979.0 ], [ 823252.0, 6515035.0 ], [ 821829.0, 6514523.0 ] ] ] } },
{ "type": "Feature", "properties": { "ID_GEOFLA": 7632, "CODE_COMM": "016", "INSEE_COM": "69016", "NOM_COMM": "AZOLETTE", "STATUT": "Commune simple", "X_CHF_LIEU": 8093, "Y_CHF_LIEU": 65669, "X_CENTROID": 8089, "Y_CENTROID": 65667, "Z_MOYEN": 581, "SUPERFICIE": 427, "POPULATION": 0.1, "CODE_CANT": "23", "CODE_ARR": "2", "CODE_DEPT": "69", "NOM_DEPT": "RHONE", "CODE_REG": "82", "NOM_REGION": "RHONE-ALPES", "CODGEO": "69016" }, "geometry": { "type": "Polygon", "coordinates": [ [ [ 809094.0, 6565448.0 ], [ 808476.0, 6565678.0 ], [ 807677.0, 6566439.0 ], [ 807718.0, 6567156.0 ], [ 809715.0, 6568021.0 ], [ 810404.0, 6566810.0 ], [ 809337.0, 6565995.0 ], [ 809401.0, 6565639.0 ], [ 809094.0, 6565448.0 ] ] ] } },
{ "type": "Feature", "properties": { "ID_GEOFLA": 7662, "CODE_COMM": "223", "INSEE_COM": "69223", "NOM_COMM": "SAINT-LOUP", "STATUT": "Commune simple", "X_CHF_LIEU": 8154, "Y_CHF_LIEU": 65338, "X_CENTROID": 8154, "Y_CENTROID": 65337, "Z_MOYEN": 447, "SUPERFICIE": 961, "POPULATION": 1.0, "CODE_CANT": "29", "CODE_ARR": "2", "CODE_DEPT": "69", "NOM_DEPT": "RHONE", "CODE_REG": "82", "NOM_REGION": "RHONE-ALPES", "CODGEO": "69223" }, "geometry": { "type": "Polygon", "coordinates": [ [ [ 813869.0, 6532556.0 ], [ 813607.0, 6532853.0 ], [ 812672.0, 6533323.0 ], [ 812502.0, 6535050.0 ], [ 815039.0, 6534234.0 ], [ 817374.0, 6534389.0 ], [ 818302.0, 6535046.0 ], [ 818774.0, 6534832.0 ], [ 818940.0, 6533706.0 ], [ 816911.0, 6533049.0 ], [ 813869.0, 6532556.0 ] ] ] } },
{ "type": "Feature", "properties": { "ID_GEOFLA": 7783, "CODE_COMM": "240", "INSEE_COM": "69240", "NOM_COMM": "SAINT-VINCENT-DE-REINS", "STATUT": "Commune simple", "X_CHF_LIEU": 8072, "Y_CHF_LIEU": 65536, "X_CENTROID": 8071, "Y_CENTROID": 65536, "Z_MOYEN": 638, "SUPERFICIE": 1380, "POPULATION": 0.7, "CODE_CANT": "01", "CODE_ARR": "2", "CODE_DEPT": "69", "NOM_DEPT": "RHONE", "CODE_REG": "82", "NOM_REGION": "RHONE-ALPES", "CODGEO": "69240" }, "geometry": { "type": "Polygon", "coordinates": [ [ [ 805863.0, 6549859.0 ], [ 805812.0, 6553237.0 ], [ 805631.0, 6554892.0 ], [ 805877.0, 6555554.0 ], [ 806910.0, 6555972.0 ], [ 807308.0, 6556986.0 ], [ 807870.0, 6556577.0 ], [ 810060.0, 6556907.0 ], [ 808296.0, 6554934.0 ], [ 807594.0, 6554634.0 ], [ 808108.0, 6552059.0 ], [ 807969.0, 6551305.0 ], [ 807888.0, 6550591.0 ], [ 805863.0, 6549859.0 ] ] ] } },
{ "type": "Feature", "properties": { "ID_GEOFLA": 8167, "CODE_COMM": "117", "INSEE_COM": "69117", "NOM_COMM": "LISSIEU", "STATUT": "Commune simple", "X_CHF_LIEU": 8351, "Y_CHF_LIEU": 65309, "X_CENTROID": 8355, "Y_CENTROID": 65298, "Z_MOYEN": 272, "SUPERFICIE": 579, "POPULATION": 3.2, "CODE_CANT": "10", "CODE_ARR": "1", "CODE_DEPT": "69", "NOM_DEPT": "RHONE", "CODE_REG": "82", "NOM_REGION": "RHONE-ALPES", "CODGEO": "69117" }, "geometry": { "type": "Polygon", "coordinates": [ [ [ 834742.0, 6527896.0 ], [ 834585.0, 6529471.0 ], [ 835145.0, 6532459.0 ], [ 835460.0, 6532506.0 ], [ 836098.0, 6530294.0 ], [ 837045.0, 6529121.0 ], [ 835562.0, 6528059.0 ], [ 834742.0, 6527896.0 ] ] ] } },
{ "type": "Feature", "properties": { "ID_GEOFLA": 8195, "CODE_COMM": "012", "INSEE_COM": "69012", "NOM_COMM": "LES ARDILLATS", "STATUT": "Commune simple", "X_CHF_LIEU": 8188, "Y_CHF_LIEU": 65655, "X_CENTROID": 8185, "Y_CENTROID": 65666, "Z_MOYEN": 583, "SUPERFICIE": 2291, "POPULATION": 0.5, "CODE_CANT": "04", "CODE_ARR": "2", "CODE_DEPT": "69", "NOM_DEPT": "RHONE", "CODE_REG": "82", "NOM_REGION": "RHONE-ALPES", "CODGEO": "69012" }, "geometry": { "type": "Polygon", "coordinates": [ [ [ 821121.0, 6564037.0 ], [ 819481.0, 6564455.0 ], [ 817825.0, 6564979.0 ], [ 816417.0, 6564776.0 ], [ 815698.0, 6566016.0 ], [ 814127.0, 6567504.0 ], [ 814598.0, 6568284.0 ], [ 815951.0, 6567785.0 ], [ 818763.0, 6568688.0 ], [ 819775.0, 6569093.0 ], [ 820424.0, 6568749.0 ], [ 821054.0, 6567849.0 ], [ 821595.0, 6566810.0 ], [ 821724.0, 6566110.0 ], [ 821121.0, 6564037.0 ] ] ] } },
{ "type": "Feature", "properties": { "ID_GEOFLA": 9156, "CODE_COMM": "175", "INSEE_COM": "69175", "NOM_COMM": "SAVIGNY", "STATUT": "Commune simple", "X_CHF_LIEU": 8222, "Y_CHF_LIEU": 65252, "X_CENTROID": 8215, "Y_CENTROID": 65256, "Z_MOYEN": 368, "SUPERFICIE": 2127, "POPULATION": 1.9, "CODE_CANT": "03", "CODE_ARR": "1", "CODE_DEPT": "69", "NOM_DEPT": "RHONE", "CODE_REG": "82", "NOM_REGION": "RHONE-ALPES", "CODGEO": "69175" }, "geometry": { "type": "Polygon", "coordinates": [ [ [ 823128.0, 6522176.0 ], [ 821921.0, 6522431.0 ], [ 821903.0, 6523551.0 ], [ 819759.0, 6524278.0 ], [ 819029.0, 6525014.0 ], [ 818328.0, 6524923.0 ], [ 817838.0, 6525788.0 ], [ 817753.0, 6526134.0 ], [ 819107.0, 6526557.0 ], [ 819810.0, 6526439.0 ], [ 819623.0, 6527126.0 ], [ 820357.0, 6527055.0 ], [ 821299.0, 6528596.0 ], [ 823861.0, 6527899.0 ], [ 824187.0, 6527769.0 ], [ 824159.0, 6526488.0 ], [ 823463.0, 6525565.0 ], [ 823417.0, 6523262.0 ], [ 823128.0, 6522176.0 ] ] ] } },
{ "type": "Feature", "properties": { "ID_GEOFLA": 9280, "CODE_COMM": "286", "INSEE_COM": "69286", "NOM_COMM": "RILLIEUX-LA-PAPE", "STATUT": "Chef-lieu canton", "X_CHF_LIEU": 8473, "Y_CHF_LIEU": 65263, "X_CENTROID": 8473, "Y_CENTROID": 65263, "Z_MOYEN": 266, "SUPERFICIE": 1464, "POPULATION": 29.5, "CODE_CANT": "39", "CODE_ARR": "1", "CODE_DEPT": "69", "NOM_DEPT": "RHONE", "CODE_REG": "82", "NOM_REGION": "RHONE-ALPES", "CODGEO": "69286" }, "geometry": { "type": "Polygon", "coordinates": [ [ [ 846019.0, 6523524.0 ], [ 845920.0, 6523575.0 ], [ 844848.0, 6525597.0 ], [ 844903.0, 6525632.0 ], [ 846982.0, 6528012.0 ], [ 848088.0, 6528112.0 ], [ 847944.0, 6528842.0 ], [ 847196.0, 6529648.0 ], [ 847457.0, 6530435.0 ], [ 848683.0, 6529111.0 ], [ 849118.0, 6527714.0 ], [ 848985.0, 6525113.0 ], [ 849460.0, 6524534.0 ], [ 846540.0, 6524059.0 ], [ 846019.0, 6523524.0 ] ] ] } },
{ "type": "Feature", "properties": { "ID_GEOFLA": 9465, "CODE_COMM": "161", "INSEE_COM": "69161", "NOM_COMM": "PROPIERES", "STATUT": "Commune simple", "X_CHF_LIEU": 8108, "Y_CHF_LIEU": 65667, "X_CENTROID": 8119, "Y_CENTROID": 65669, "Z_MOYEN": 709, "SUPERFICIE": 1628, "POPULATION": 0.5, "CODE_CANT": "23", "CODE_ARR": "2", "CODE_DEPT": "69", "NOM_DEPT": "RHONE", "CODE_REG": "82", "NOM_REGION": "RHONE-ALPES", "CODGEO": "69161" }, "geometry": { "type": "Polygon", "coordinates": [ [ [ 810991.0, 6564128.0 ], [ 810579.0, 6564673.0 ], [ 809094.0, 6565448.0 ], [ 809401.0, 6565639.0 ], [ 809337.0, 6565995.0 ], [ 810404.0, 6566810.0 ], [ 809715.0, 6568021.0 ], [ 809614.0, 6568451.0 ], [ 811462.0, 6568456.0 ], [ 812648.0, 6569253.0 ], [ 814388.0, 6568810.0 ], [ 814598.0, 6568284.0 ], [ 814127.0, 6567504.0 ], [ 814188.0, 6566115.0 ], [ 813254.0, 6565867.0 ], [ 810991.0, 6564128.0 ] ] ] } },
{ "type": "Feature", "properties": { "ID_GEOFLA": 9641, "CODE_COMM": "035", "INSEE_COM": "69035", "NOM_COMM": "CENVES", "STATUT": "Commune simple", "X_CHF_LIEU": 8270, "Y_CHF_LIEU": 65755, "X_CENTROID": 8279, "Y_CENTROID": 65768, "Z_MOYEN": 564, "SUPERFICIE": 2632, "POPULATION": 0.4, "CODE_CANT": "23", "CODE_ARR": "2", "CODE_DEPT": "69", "NOM_DEPT": "RHONE", "CODE_REG": "82", "NOM_REGION": "RHONE-ALPES", "CODGEO": "69035" }, "geometry": { "type": "Polygon", "coordinates": [ [ [ 826577.0, 6574067.0 ], [ 824891.0, 6574496.0 ], [ 824653.0, 6575157.0 ], [ 824896.0, 6575870.0 ], [ 824499.0, 6576912.0 ], [ 825917.0, 6578196.0 ], [ 826122.0, 6579256.0 ], [ 827231.0, 6579474.0 ], [ 828115.0, 6578764.0 ], [ 829271.0, 6579666.0 ], [ 830330.0, 6579445.0 ], [ 830383.0, 6578581.0 ], [ 831127.0, 6577520.0 ], [ 831453.0, 6577512.0 ], [ 831665.0, 6576877.0 ], [ 831484.0, 6575853.0 ], [ 830972.0, 6575588.0 ], [ 830452.0, 6576025.0 ], [ 830049.0, 6575517.0 ], [ 829423.0, 6575526.0 ], [ 828957.0, 6575225.0 ], [ 828927.0, 6574257.0 ], [ 828070.0, 6574759.0 ], [ 827614.0, 6574237.0 ], [ 826577.0, 6574067.0 ] ] ] } },
{ "type": "Feature", "properties": { "ID_GEOFLA": 9741, "CODE_COMM": "038", "INSEE_COM": "69038", "NOM_COMM": "CHAMBOST-LONGESSAIGNE", "STATUT": "Commune simple", "X_CHF_LIEU": 8064, "Y_CHF_LIEU": 65201, "X_CENTROID": 8071, "Y_CENTROID": 65203, "Z_MOYEN": 576, "SUPERFICIE": 1540, "POPULATION": 0.8, "CODE_CANT": "27", "CODE_ARR": "1", "CODE_DEPT": "69", "NOM_DEPT": "RHONE", "CODE_REG": "82", "NOM_REGION": "RHONE-ALPES", "CODGEO": "69038" }, "geometry": { "type": "Polygon", "coordinates": [ [ [ 808102.0, 6518227.0 ], [ 806760.0, 6517578.0 ], [ 805660.0, 6517743.0 ], [ 804840.0, 6519958.0 ], [ 805539.0, 6520830.0 ], [ 806939.0, 6521431.0 ], [ 806836.0, 6523689.0 ], [ 807124.0, 6523952.0 ], [ 807788.0, 6523545.0 ], [ 808253.0, 6522569.0 ], [ 808613.0, 6522474.0 ], [ 809350.0, 6520786.0 ], [ 809307.0, 6520075.0 ], [ 808438.0, 6519316.0 ], [ 808102.0, 6518227.0 ] ] ] } },
{ "type": "Feature", "properties": { "ID_GEOFLA": 10006, "CODE_COMM": "200", "INSEE_COM": "69200", "NOM_COMM": "SAINT-FORGEUX", "STATUT": "Commune simple", "X_CHF_LIEU": 8144, "Y_CHF_LIEU": 65298, "X_CENTROID": 8135, "Y_CENTROID": 65292, "Z_MOYEN": 539, "SUPERFICIE": 2219, "POPULATION": 1.4, "CODE_CANT": "29", "CODE_ARR": "2", "CODE_DEPT": "69", "NOM_DEPT": "RHONE", "CODE_REG": "82", "NOM_REGION": "RHONE-ALPES", "CODGEO": "69200" }, "geometry": { "type": "Polygon", "coordinates": [ [ [ 814582.0, 6525316.0 ], [ 813066.0, 6526359.0 ], [ 812510.0, 6527298.0 ], [ 811819.0, 6527043.0 ], [ 811613.0, 6528535.0 ], [ 810088.0, 6530225.0 ], [ 812872.0, 6531225.0 ], [ 812713.0, 6531962.0 ], [ 813447.0, 6532819.0 ], [ 813607.0, 6532853.0 ], [ 813869.0, 6532556.0 ], [ 816254.0, 6530432.0 ], [ 816061.0, 6529450.0 ], [ 814679.0, 6526815.0 ], [ 814582.0, 6525316.0 ] ] ] } },
{ "type": "Feature", "properties": { "ID_GEOFLA": 10182, "CODE_COMM": "015", "INSEE_COM": "69015", "NOM_COMM": "AVENAS", "STATUT": "Commune simple", "X_CHF_LIEU": 8237, "Y_CHF_LIEU": 65673, "X_CENTROID": 8233, "Y_CENTROID": 65674, "Z_MOYEN": 706, "SUPERFICIE": 950, "POPULATION": 0.1, "CODE_CANT": "04", "CODE_ARR": "2", "CODE_DEPT": "69", "NOM_DEPT": "RHONE", "CODE_REG": "82", "NOM_REGION": "RHONE-ALPES", "CODGEO": "69015" }, "geometry": { "type": "Polygon", "coordinates": [ [ [ 824519.0, 6565891.0 ], [ 824291.0, 6566008.0 ], [ 822344.0, 6565906.0 ], [ 821595.0, 6566810.0 ], [ 821054.0, 6567849.0 ], [ 821315.0, 6568135.0 ], [ 822811.0, 6568176.0 ], [ 823268.0, 6568781.0 ], [ 823470.0, 6569914.0 ], [ 824073.0, 6570306.0 ], [ 824007.0, 6569147.0 ], [ 825436.0, 6567347.0 ], [ 824951.0, 6566990.0 ], [ 825106.0, 6566706.0 ], [ 824903.0, 6566323.0 ], [ 824519.0, 6565891.0 ] ] ] } },
{ "type": "Feature", "properties": { "ID_GEOFLA": 10287, "CODE_COMM": "112", "INSEE_COM": "69112", "NOM_COMM": "LENTILLY", "STATUT": "Commune simple", "X_CHF_LIEU": 8291, "Y_CHF_LIEU": 65257, "X_CENTROID": 8297, "Y_CENTROID": 65250, "Z_MOYEN": 341, "SUPERFICIE": 1864, "POPULATION": 5.2, "CODE_CANT": "03", "CODE_ARR": "1", "CODE_DEPT": "69", "NOM_DEPT": "RHONE", "CODE_REG": "82", "NOM_REGION": "RHONE-ALPES", "CODGEO": "69112" }, "geometry": { "type": "Polygon", "coordinates": [ [ [ 831469.0, 6522604.0 ], [ 830417.0, 6522848.0 ], [ 828737.0, 6522637.0 ], [ 828622.0, 6523360.0 ], [ 827135.0, 6524424.0 ], [ 826707.0, 6525402.0 ], [ 827033.0, 6526109.0 ], [ 827684.0, 6526474.0 ], [ 829409.0, 6526684.0 ], [ 830025.0, 6528431.0 ], [ 830985.0, 6527894.0 ], [ 831592.0, 6526470.0 ], [ 831499.0, 6524974.0 ], [ 832567.0, 6523054.0 ], [ 831469.0, 6522604.0 ] ] ] } },
{ "type": "Feature", "properties": { "ID_GEOFLA": 10322, "CODE_COMM": "128", "INSEE_COM": "69128", "NOM_COMM": "MARDORE", "STATUT": "Commune simple", "X_CHF_LIEU": 8034, "Y_CHF_LIEU": 65531, "X_CENTROID": 8037, "Y_CENTROID": 65531, "Z_MOYEN": 617, "SUPERFICIE": 1355, "POPULATION": 0.5, "CODE_CANT": "30", "CODE_ARR": "2", "CODE_DEPT": "69", "NOM_DEPT": "RHONE", "CODE_REG": "82", "NOM_REGION": "RHONE-ALPES", "CODGEO": "69128" }, "geometry": { "type": "Polygon", "coordinates": [ [ [ 803538.0, 6550134.0 ], [ 801883.0, 6551137.0 ], [ 801585.0, 6551419.0 ], [ 801918.0, 6551559.0 ], [ 802313.0, 6552881.0 ], [ 802235.0, 6553945.0 ], [ 801955.0, 6554172.0 ], [ 802195.0, 6554441.0 ], [ 802914.0, 6554656.0 ], [ 803613.0, 6555538.0 ], [ 804728.0, 6555535.0 ], [ 805631.0, 6554892.0 ], [ 805812.0, 6553237.0 ], [ 804430.0, 6552108.0 ], [ 803538.0, 6550134.0 ] ] ] } },
{ "type": "Feature", "properties": { "ID_GEOFLA": 10576, "CODE_COMM": "212", "INSEE_COM": "69212", "NOM_COMM": "SAINT-JEAN-DES-VIGNES", "STATUT": "Commune simple", "X_CHF_LIEU": 8306, "Y_CHF_LIEU": 65320, "X_CENTROID": 8304, "Y_CENTROID": 65319, "Z_MOYEN": 328, "SUPERFICIE": 252, "POPULATION": 0.4, "CODE_CANT": "02", "CODE_ARR": "2", "CODE_DEPT": "69", "NOM_DEPT": "RHONE", "CODE_REG": "82", "NOM_REGION": "RHONE-ALPES", "CODGEO": "69212" }, "geometry": { "type": "Polygon", "coordinates": [ [ [ 831096.0, 6531035.0 ], [ 830089.0, 6531195.0 ], [ 829530.0, 6532057.0 ], [ 829802.0, 6532739.0 ], [ 831409.0, 6532531.0 ], [ 831096.0, 6531035.0 ] ] ] } },
{ "type": "Feature", "properties": { "ID_GEOFLA": 10577, "CODE_COMM": "168", "INSEE_COM": "69168", "NOM_COMM": "ROCHETAILLEE-SUR-SAONE", "STATUT": "Commune simple", "X_CHF_LIEU": 8424, "Y_CHF_LIEU": 65285, "X_CENTROID": 8427, "Y_CENTROID": 65286, "Z_MOYEN": 195, "SUPERFICIE": 136, "POPULATION": 1.3, "CODE_CANT": "25", "CODE_ARR": "1", "CODE_DEPT": "69", "NOM_DEPT": "RHONE", "CODE_REG": "82", "NOM_REGION": "RHONE-ALPES", "CODGEO": "69168" }, "geometry": { "type": "Polygon", "coordinates": [ [ [ 843057.0, 6527601.0 ], [ 842673.0, 6527729.0 ], [ 842184.0, 6528317.0 ], [ 842484.0, 6529589.0 ], [ 843201.0, 6529273.0 ], [ 843220.0, 6528663.0 ], [ 842723.0, 6528303.0 ], [ 843057.0, 6527601.0 ] ] ] } },
{ "type": "Feature", "properties": { "ID_GEOFLA": 10578, "CODE_COMM": "087", "INSEE_COM": "69087", "NOM_COMM": "FONTAINES-SAINT-MARTIN", "STATUT": "Commune simple", "X_CHF_LIEU": 8438, "Y_CHF_LIEU": 65288, "X_CENTROID": 8439, "Y_CENTROID": 65287, "Z_MOYEN": 234, "SUPERFICIE": 264, "POPULATION": 2.7, "CODE_CANT": "25", "CODE_ARR": "1", "CODE_DEPT": "69", "NOM_DEPT": "RHONE", "CODE_REG": "82", "NOM_REGION": "RHONE-ALPES", "CODGEO": "69087" }, "geometry": { "type": "Polygon", "coordinates": [ [ [ 844701.0, 6527637.0 ], [ 842723.0, 6528303.0 ], [ 843220.0, 6528663.0 ], [ 843201.0, 6529273.0 ], [ 843893.0, 6530181.0 ], [ 844891.0, 6528219.0 ], [ 844701.0, 6527637.0 ] ] ] } },
{ "type": "Feature", "properties": { "ID_GEOFLA": 10801, "CODE_COMM": "258", "INSEE_COM": "69258", "NOM_COMM": "VAUXRENARD", "STATUT": "Commune simple", "X_CHF_LIEU": 8267, "Y_CHF_LIEU": 65690, "X_CENTROID": 8262, "Y_CENTROID": 65699, "Z_MOYEN": 577, "SUPERFICIE": 1904, "POPULATION": 0.3, "CODE_CANT": "04", "CODE_ARR": "2", "CODE_DEPT": "69", "NOM_DEPT": "RHONE", "CODE_REG": "82", "NOM_REGION": "RHONE-ALPES", "CODGEO": "69258" }, "geometry": { "type": "Polygon", "coordinates": [ [ [ 828481.0, 6567641.0 ], [ 827790.0, 6567769.0 ], [ 826128.0, 6567178.0 ], [ 825436.0, 6567347.0 ], [ 824007.0, 6569147.0 ], [ 824073.0, 6570306.0 ], [ 824340.0, 6571322.0 ], [ 825080.0, 6572043.0 ], [ 825026.0, 6573131.0 ], [ 825592.0, 6573346.0 ], [ 827413.0, 6571812.0 ], [ 828017.0, 6570369.0 ], [ 829100.0, 6569959.0 ], [ 828420.0, 6569112.0 ], [ 828481.0, 6567641.0 ] ] ] } },
{ "type": "Feature", "properties": { "ID_GEOFLA": 10872, "CODE_COMM": "083", "INSEE_COM": "69083", "NOM_COMM": "EVEUX", "STATUT": "Commune simple", "X_CHF_LIEU": 8259, "Y_CHF_LIEU": 65265, "X_CENTROID": 8259, "Y_CENTROID": 65262, "Z_MOYEN": 318, "SUPERFICIE": 334, "POPULATION": 1.0, "CODE_CANT": "03", "CODE_ARR": "1", "CODE_DEPT": "69", "NOM_DEPT": "RHONE", "CODE_REG": "82", "NOM_REGION": "RHONE-ALPES", "CODGEO": "69083" }, "geometry": { "type": "Polygon", "coordinates": [ [ [ 825418.0, 6525348.0 ], [ 825056.0, 6525412.0 ], [ 824739.0, 6526049.0 ], [ 825508.0, 6527186.0 ], [ 826471.0, 6527298.0 ], [ 827033.0, 6526109.0 ], [ 826707.0, 6525402.0 ], [ 825418.0, 6525348.0 ] ] ] } },
{ "type": "Feature", "properties": { "ID_GEOFLA": 11188, "CODE_COMM": "078", "INSEE_COM": "69078", "NOM_COMM": "DUERNE", "STATUT": "Commune simple", "X_CHF_LIEU": 8188, "Y_CHF_LIEU": 65105, "X_CENTROID": 8185, "Y_CENTROID": 65102, "Z_MOYEN": 767, "SUPERFICIE": 1137, "POPULATION": 0.8, "CODE_CANT": "28", "CODE_ARR": "1", "CODE_DEPT": "69", "NOM_DEPT": "RHONE", "CODE_REG": "82", "NOM_REGION": "RHONE-ALPES", "CODGEO": "69078" }, "geometry": { "type": "Polygon", "coordinates": [ [ [ 817834.0, 6506585.0 ], [ 816963.0, 6508660.0 ], [ 817301.0, 6508845.0 ], [ 817359.0, 6509993.0 ], [ 817034.0, 6511102.0 ], [ 817547.0, 6511553.0 ], [ 818435.0, 6512689.0 ], [ 819718.0, 6512069.0 ], [ 820430.0, 6512182.0 ], [ 820879.0, 6511573.0 ], [ 820744.0, 6510843.0 ], [ 819703.0, 6510461.0 ], [ 818877.0, 6509698.0 ], [ 818875.0, 6508582.0 ], [ 817834.0, 6506585.0 ] ] ] } },
{ "type": "Feature", "properties": { "ID_GEOFLA": 11189, "CODE_COMM": "201", "INSEE_COM": "69201", "NOM_COMM": "SAINTE-FOY-L'ARGENTIERE", "STATUT": "Commune simple", "X_CHF_LIEU": 8143, "Y_CHF_LIEU": 65131, "X_CENTROID": 8144, "Y_CENTROID": 65127, "Z_MOYEN": 436, "SUPERFICIE": 154, "POPULATION": 1.2, "CODE_CANT": "27", "CODE_ARR": "1", "CODE_DEPT": "69", "NOM_DEPT": "RHONE", "CODE_REG": "82", "NOM_REGION": "RHONE-ALPES", "CODGEO": "69201" }, "geometry": { "type": "Polygon", "coordinates": [ [ [ 815043.0, 6512548.0 ], [ 814696.0, 6512520.0 ], [ 814057.0, 6511713.0 ], [ 813490.0, 6512107.0 ], [ 814097.0, 6512561.0 ], [ 814120.0, 6513335.0 ], [ 814729.0, 6513668.0 ], [ 815044.0, 6513521.0 ], [ 815043.0, 6512548.0 ] ] ] } },
{ "type": "Feature", "properties": { "ID_GEOFLA": 11234, "CODE_COMM": "046", "INSEE_COM": "69046", "NOM_COMM": "CHARLY", "STATUT": "Commune simple", "X_CHF_LIEU": 8397, "Y_CHF_LIEU": 65070, "X_CENTROID": 8393, "Y_CENTROID": 65072, "Z_MOYEN": 257, "SUPERFICIE": 514, "POPULATION": 4.2, "CODE_CANT": "48", "CODE_ARR": "1", "CODE_DEPT": "69", "NOM_DEPT": "RHONE", "CODE_REG": "82", "NOM_REGION": "RHONE-ALPES", "CODGEO": "69046" }, "geometry": { "type": "Polygon", "coordinates": [ [ [ 839898.0, 6505752.0 ], [ 838869.0, 6505861.0 ], [ 837752.0, 6507169.0 ], [ 838466.0, 6507400.0 ], [ 839337.0, 6508507.0 ], [ 839290.0, 6508879.0 ], [ 839516.0, 6508992.0 ], [ 839755.0, 6509225.0 ], [ 840387.0, 6509042.0 ], [ 840370.0, 6508425.0 ], [ 839976.0, 6507782.0 ], [ 840381.0, 6506309.0 ], [ 839898.0, 6505752.0 ] ] ] } },
{ "type": "Feature", "properties": { "ID_GEOFLA": 11513, "CODE_COMM": "004", "INSEE_COM": "69004", "NOM_COMM": "ALIX", "STATUT": "Commune simple", "X_CHF_LIEU": 8282, "Y_CHF_LIEU": 65361, "X_CENTROID": 8282, "Y_CENTROID": 65365, "Z_MOYEN": 310, "SUPERFICIE": 362, "POPULATION": 0.7, "CODE_CANT": "02", "CODE_ARR": "2", "CODE_DEPT": "69", "NOM_DEPT": "RHONE", "CODE_REG": "82", "NOM_REGION": "RHONE-ALPES", "CODGEO": "69004" }, "geometry": { "type": "Polygon", "coordinates": [ [ [ 829470.0, 6535335.0 ], [ 827759.0, 6535634.0 ], [ 826993.0, 6537311.0 ], [ 828075.0, 6537620.0 ], [ 828316.0, 6537688.0 ], [ 829118.0, 6537461.0 ], [ 829041.0, 6535956.0 ], [ 829470.0, 6535335.0 ] ] ] } },
{ "type": "Feature", "properties": { "ID_GEOFLA": 11515, "CODE_COMM": "149", "INSEE_COM": "69149", "NOM_COMM": "OULLINS", "STATUT": "Chef-lieu canton", "X_CHF_LIEU": 8406, "Y_CHF_LIEU": 65143, "X_CENTROID": 8402, "Y_CENTROID": 65144, "Z_MOYEN": 194, "SUPERFICIE": 427, "POPULATION": 25.6, "CODE_CANT": "40", "CODE_ARR": "1", "CODE_DEPT": "69", "NOM_DEPT": "RHONE", "CODE_REG": "82", "NOM_REGION": "RHONE-ALPES", "CODGEO": "69149" }, "geometry": { "type": "Polygon", "coordinates": [ [ [ 840461.0, 6513156.0 ], [ 838357.0, 6514877.0 ], [ 838450.0, 6515261.0 ], [ 840219.0, 6515321.0 ], [ 840551.0, 6515386.0 ], [ 840945.0, 6514869.0 ], [ 841614.0, 6514889.0 ], [ 841810.0, 6514418.0 ], [ 841685.0, 6513749.0 ], [ 840461.0, 6513156.0 ] ] ] } },
{ "type": "Feature", "properties": { "ID_GEOFLA": 11516, "CODE_COMM": "009", "INSEE_COM": "69009", "NOM_COMM": "ANSE", "STATUT": "Chef-lieu canton", "X_CHF_LIEU": 8332, "Y_CHF_LIEU": 65387, "X_CENTROID": 8323, "Y_CENTROID": 65394, "Z_MOYEN": 226, "SUPERFICIE": 1540, "POPULATION": 5.0, "CODE_CANT": "02", "CODE_ARR": "2", "CODE_DEPT": "69", "NOM_DEPT": "RHONE", "CODE_REG": "82", "NOM_REGION": "RHONE-ALPES", "CODGEO": "69009" }, "geometry": { "type": "Polygon", "coordinates": [ [ [ 834276.0, 6537122.0 ], [ 831675.0, 6537414.0 ], [ 831361.0, 6538420.0 ], [ 830680.0, 6538156.0 ], [ 828573.0, 6538555.0 ], [ 828831.0, 6540091.0 ], [ 830079.0, 6539362.0 ], [ 833316.0, 6541742.0 ], [ 833989.0, 6541626.0 ], [ 834500.0, 6542507.0 ], [ 834841.0, 6542468.0 ], [ 835526.0, 6542033.0 ], [ 835400.0, 6541799.0 ], [ 834021.0, 6540435.0 ], [ 834170.0, 6539371.0 ], [ 833631.0, 6538436.0 ], [ 834276.0, 6537122.0 ] ] ] } },
{ "type": "Feature", "properties": { "ID_GEOFLA": 11517, "CODE_COMM": "125", "INSEE_COM": "69125", "NOM_COMM": "MARCILLY-D'AZERGUES", "STATUT": "Commune simple", "X_CHF_LIEU": 8341, "Y_CHF_LIEU": 65316, "X_CENTROID": 8342, "Y_CENTROID": 65312, "Z_MOYEN": 229, "SUPERFICIE": 424, "POPULATION": 0.9, "CODE_CANT": "10", "CODE_ARR": "1", "CODE_DEPT": "69", "NOM_DEPT": "RHONE", "CODE_REG": "82", "NOM_REGION": "RHONE-ALPES", "CODGEO": "69125" }, "geometry": { "type": "Polygon", "coordinates": [ [ [ 834023.0, 6529176.0 ], [ 833323.0, 6531128.0 ], [ 833501.0, 6531814.0 ], [ 834182.0, 6532638.0 ], [ 834184.0, 6533361.0 ], [ 834539.0, 6533333.0 ], [ 835145.0, 6532459.0 ], [ 834585.0, 6529471.0 ], [ 834023.0, 6529176.0 ] ] ] } },
{ "type": "Feature", "properties": { "ID_GEOFLA": 11518, "CODE_COMM": "188", "INSEE_COM": "69188", "NOM_COMM": "SAINT-CLEMENT-SUR-VALSONNE", "STATUT": "Commune simple", "X_CHF_LIEU": 8127, "Y_CHF_LIEU": 65370, "X_CENTROID": 8131, "Y_CENTROID": 65371, "Z_MOYEN": 497, "SUPERFICIE": 1459, "POPULATION": 0.7, "CODE_CANT": "29", "CODE_ARR": "2", "CODE_DEPT": "69", "NOM_DEPT": "RHONE", "CODE_REG": "82", "NOM_REGION": "RHONE-ALPES", "CODGEO": "69188" }, "geometry": { "type": "Polygon", "coordinates": [ [ [ 812482.0, 6535070.0 ], [ 810545.0, 6536174.0 ], [ 810264.0, 6536863.0 ], [ 811435.0, 6537670.0 ], [ 811548.0, 6538344.0 ], [ 813503.0, 6539373.0 ], [ 813809.0, 6539557.0 ], [ 814617.0, 6538864.0 ], [ 815836.0, 6535956.0 ], [ 815554.0, 6535707.0 ], [ 813320.0, 6535818.0 ], [ 812482.0, 6535070.0 ] ] ] } },
{ "type": "Feature", "properties": { "ID_GEOFLA": 11726, "CODE_COMM": "218", "INSEE_COM": "69218", "NOM_COMM": "SAINT-LAGER", "STATUT": "Commune simple", "X_CHF_LIEU": 8291, "Y_CHF_LIEU": 65582, "X_CENTROID": 8294, "Y_CENTROID": 65583, "Z_MOYEN": 258, "SUPERFICIE": 766, "POPULATION": 0.9, "CODE_CANT": "05", "CODE_ARR": "2", "CODE_DEPT": "69", "NOM_DEPT": "RHONE", "CODE_REG": "82", "NOM_REGION": "RHONE-ALPES", "CODGEO": "69218" }, "geometry": { "type": "Polygon", "coordinates": [ [ [ 828816.0, 6557077.0 ], [ 827188.0, 6557830.0 ], [ 827281.0, 6558784.0 ], [ 828789.0, 6558917.0 ], [ 829494.0, 6559742.0 ], [ 830958.0, 6559921.0 ], [ 830889.0, 6558273.0 ], [ 831200.0, 6557212.0 ], [ 828816.0, 6557077.0 ] ] ] } },
{ "type": "Feature", "properties": { "ID_GEOFLA": 11820, "CODE_COMM": "283", "INSEE_COM": "69283", "NOM_COMM": "MIONS", "STATUT": "Commune simple", "X_CHF_LIEU": 8520, "Y_CHF_LIEU": 65089, "X_CENTROID": 8517, "Y_CENTROID": 65091, "Z_MOYEN": 222, "SUPERFICIE": 1160, "POPULATION": 11.4, "CODE_CANT": "38", "CODE_ARR": "1", "CODE_DEPT": "69", "NOM_DEPT": "RHONE", "CODE_REG": "82", "NOM_REGION": "RHONE-ALPES", "CODGEO": "69283" }, "geometry": { "type": "Polygon", "coordinates": [ [ [ 852614.0, 6506587.0 ], [ 849413.0, 6508473.0 ], [ 850384.0, 6509644.0 ], [ 850530.0, 6511171.0 ], [ 851981.0, 6511108.0 ], [ 853296.0, 6510473.0 ], [ 853662.0, 6510358.0 ], [ 853719.0, 6509595.0 ], [ 853363.0, 6509450.0 ], [ 853284.0, 6508302.0 ], [ 852888.0, 6507644.0 ], [ 852614.0, 6506587.0 ] ] ] } },
{ "type": "Feature", "properties": { "ID_GEOFLA": 12008, "CODE_COMM": "224", "INSEE_COM": "69224", "NOM_COMM": "SAINT-MAMERT", "STATUT": "Commune simple", "X_CHF_LIEU": 8219, "Y_CHF_LIEU": 65735, "X_CENTROID": 8210, "Y_CENTROID": 65731, "Z_MOYEN": 514, "SUPERFICIE": 324, "POPULATION": 0.1, "CODE_CANT": "23", "CODE_ARR": "2", "CODE_DEPT": "69", "NOM_DEPT": "RHONE", "CODE_REG": "82", "NOM_REGION": "RHONE-ALPES", "CODGEO": "69224" }, "geometry": { "type": "Polygon", "coordinates": [ [ [ 822027.0, 6572967.0 ], [ 821942.0, 6572592.0 ], [ 820900.0, 6572125.0 ], [ 819768.0, 6572256.0 ], [ 820624.0, 6574247.0 ], [ 821523.0, 6573896.0 ], [ 822146.0, 6574045.0 ], [ 822027.0, 6572967.0 ] ] ] } },
{ "type": "Feature", "properties": { "ID_GEOFLA": 12107, "CODE_COMM": "157", "INSEE_COM": "69157", "NOM_COMM": "PONTCHARRA-SUR-TURDINE", "STATUT": "Commune simple", "X_CHF_LIEU": 8155, "Y_CHF_LIEU": 65315, "X_CENTROID": 8159, "Y_CENTROID": 65319, "Z_MOYEN": 369, "SUPERFICIE": 476, "POPULATION": 2.5, "CODE_CANT": "29", "CODE_ARR": "2", "CODE_DEPT": "69", "NOM_DEPT": "RHONE", "CODE_REG": "82", "NOM_REGION": "RHONE-ALPES", "CODGEO": "69157" }, "geometry": { "type": "Polygon", "coordinates": [ [ [ 816254.0, 6530432.0 ], [ 813869.0, 6532556.0 ], [ 816911.0, 6533049.0 ], [ 816713.0, 6532787.0 ], [ 817761.0, 6531998.0 ], [ 816850.0, 6531356.0 ], [ 816254.0, 6530432.0 ] ] ] } },
{ "type": "Feature", "properties": { "ID_GEOFLA": 12108, "CODE_COMM": "008", "INSEE_COM": "69008", "NOM_COMM": "ANCY", "STATUT": "Commune simple", "X_CHF_LIEU": 8170, "Y_CHF_LIEU": 65275, "X_CENTROID": 8167, "Y_CENTROID": 65269, "Z_MOYEN": 597, "SUPERFICIE": 1188, "POPULATION": 0.5, "CODE_CANT": "29", "CODE_ARR": "2", "CODE_DEPT": "69", "NOM_DEPT": "RHONE", "CODE_REG": "82", "NOM_REGION": "RHONE-ALPES", "CODGEO": "69008" }, "geometry": { "type": "Polygon", "coordinates": [ [ [ 814582.0, 6525316.0 ], [ 814679.0, 6526815.0 ], [ 816061.0, 6529450.0 ], [ 816900.0, 6528257.0 ], [ 818697.0, 6527769.0 ], [ 819623.0, 6527126.0 ], [ 819810.0, 6526439.0 ], [ 819107.0, 6526557.0 ], [ 817753.0, 6526134.0 ], [ 817838.0, 6525788.0 ], [ 816813.0, 6525350.0 ], [ 814582.0, 6525316.0 ] ] ] } },
{ "type": "Feature", "properties": { "ID_GEOFLA": 12331, "CODE_COMM": "135", "INSEE_COM": "69135", "NOM_COMM": "MONSOLS", "STATUT": "Chef-lieu canton", "X_CHF_LIEU": 8171, "Y_CHF_LIEU": 65699, "X_CENTROID": 8166, "Y_CENTROID": 65703, "Z_MOYEN": 643, "SUPERFICIE": 1985, "POPULATION": 1.0, "CODE_CANT": "23", "CODE_ARR": "2", "CODE_DEPT": "69", "NOM_DEPT": "RHONE", "CODE_REG": "82", "NOM_REGION": "RHONE-ALPES", "CODGEO": "69135" }, "geometry": { "type": "Polygon", "coordinates": [ [ [ 818763.0, 6568688.0 ], [ 815951.0, 6567785.0 ], [ 814598.0, 6568284.0 ], [ 814388.0, 6568810.0 ], [ 814621.0, 6571495.0 ], [ 814418.0, 6571827.0 ], [ 814678.0, 6572415.0 ], [ 815265.0, 6572675.0 ], [ 817942.0, 6572508.0 ], [ 819067.0, 6571528.0 ], [ 819218.0, 6569689.0 ], [ 818763.0, 6568688.0 ] ] ] } },
{ "type": "Feature", "properties": { "ID_GEOFLA": 12428, "CODE_COMM": "263", "INSEE_COM": "69263", "NOM_COMM": "VILLECHENEVE", "STATUT": "Commune simple", "X_CHF_LIEU": 8091, "Y_CHF_LIEU": 65246, "X_CENTROID": 8092, "Y_CENTROID": 65251, "Z_MOYEN": 705, "SUPERFICIE": 1405, "POPULATION": 0.7, "CODE_CANT": "27", "CODE_ARR": "1", "CODE_DEPT": "69", "NOM_DEPT": "RHONE", "CODE_REG": "82", "NOM_REGION": "RHONE-ALPES", "CODGEO": "69263" }, "geometry": { "type": "Polygon", "coordinates": [ [ [ 808613.0, 6522474.0 ], [ 808253.0, 6522569.0 ], [ 807788.0, 6523545.0 ], [ 807173.0, 6525138.0 ], [ 807337.0, 6525454.0 ], [ 806829.0, 6525951.0 ], [ 807180.0, 6526012.0 ], [ 807406.0, 6526980.0 ], [ 807935.0, 6527376.0 ], [ 810276.0, 6526282.0 ], [ 811457.0, 6527137.0 ], [ 811819.0, 6527043.0 ], [ 811156.0, 6525757.0 ], [ 811735.0, 6523632.0 ], [ 809892.0, 6523544.0 ], [ 808590.0, 6522845.0 ], [ 808613.0, 6522474.0 ] ] ] } },
{ "type": "Feature", "properties": { "ID_GEOFLA": 12429, "CODE_COMM": "167", "INSEE_COM": "69167", "NOM_COMM": "RIVOLET", "STATUT": "Commune simple", "X_CHF_LIEU": 8239, "Y_CHF_LIEU": 65463, "X_CENTROID": 8223, "Y_CENTROID": 65464, "Z_MOYEN": 542, "SUPERFICIE": 1613, "POPULATION": 0.5, "CODE_CANT": "53", "CODE_ARR": "2", "CODE_DEPT": "69", "NOM_DEPT": "RHONE", "CODE_REG": "82", "NOM_REGION": "RHONE-ALPES", "CODGEO": "69167" }, "geometry": { "type": "Polygon", "coordinates": [ [ [ 825905.0, 6545542.0 ], [ 824312.0, 6544583.0 ], [ 820885.0, 6545110.0 ], [ 819920.0, 6545518.0 ], [ 819674.0, 6545480.0 ], [ 819759.0, 6546494.0 ], [ 819173.0, 6547632.0 ], [ 820844.0, 6548437.0 ], [ 821955.0, 6548663.0 ], [ 823098.0, 6547203.0 ], [ 825240.0, 6546721.0 ], [ 825905.0, 6545542.0 ] ] ] } },
{ "type": "Feature", "properties": { "ID_GEOFLA": 12779, "CODE_COMM": "070", "INSEE_COM": "69070", "NOM_COMM": "CUBLIZE", "STATUT": "Commune simple", "X_CHF_LIEU": 8065, "Y_CHF_LIEU": 65474, "X_CENTROID": 8073, "Y_CENTROID": 65481, "Z_MOYEN": 565, "SUPERFICIE": 1562, "POPULATION": 1.2, "CODE_CANT": "01", "CODE_ARR": "2", "CODE_DEPT": "69", "NOM_DEPT": "RHONE", "CODE_REG": "82", "NOM_REGION": "RHONE-ALPES", "CODGEO": "69070" }, "geometry": { "type": "Polygon", "coordinates": [ [ [ 805004.0, 6545760.0 ], [ 805488.0, 6546331.0 ], [ 805704.0, 6547423.0 ], [ 805005.0, 6547684.0 ], [ 804711.0, 6548345.0 ], [ 804912.0, 6549063.0 ], [ 805919.0, 6549157.0 ], [ 805863.0, 6549859.0 ], [ 807888.0, 6550591.0 ], [ 808362.0, 6549612.0 ], [ 808725.0, 6549626.0 ], [ 810133.0, 6548474.0 ], [ 810706.0, 6547705.0 ], [ 810439.0, 6547467.0 ], [ 809335.0, 6547564.0 ], [ 806800.0, 6545868.0 ], [ 805004.0, 6545760.0 ] ] ] } },
{ "type": "Feature", "properties": { "ID_GEOFLA": 12841, "CODE_COMM": "065", "INSEE_COM": "69065", "NOM_COMM": "CORCELLES-EN-BEAUJOLAIS", "STATUT": "Commune simple", "X_CHF_LIEU": 8330, "Y_CHF_LIEU": 65630, "X_CENTROID": 8330, "Y_CENTROID": 65629, "Z_MOYEN": 203, "SUPERFICIE": 903, "POPULATION": 0.7, "CODE_CANT": "05", "CODE_ARR": "2", "CODE_DEPT": "69", "NOM_DEPT": "RHONE", "CODE_REG": "82", "NOM_REGION": "RHONE-ALPES", "CODGEO": "69065" }, "geometry": { "type": "Polygon", "coordinates": [ [ [ 834521.0, 6561734.0 ], [ 832790.0, 6561162.0 ], [ 832074.0, 6561988.0 ], [ 831435.0, 6561976.0 ], [ 831205.0, 6562687.0 ], [ 831467.0, 6564518.0 ], [ 833264.0, 6564020.0 ], [ 834554.0, 6564759.0 ], [ 834880.0, 6564579.0 ], [ 834521.0, 6561734.0 ] ] ] } },
{ "type": "Feature", "properties": { "ID_GEOFLA": 13450, "CODE_COMM": "053", "INSEE_COM": "69053", "NOM_COMM": "CHENAS", "STATUT": "Commune simple", "X_CHF_LIEU": 8325, "Y_CHF_LIEU": 65694, "X_CENTROID": 8317, "Y_CENTROID": 65698, "Z_MOYEN": 332, "SUPERFICIE": 821, "POPULATION": 0.5, "CODE_CANT": "04", "CODE_ARR": "2", "CODE_DEPT": "69", "NOM_DEPT": "RHONE", "CODE_REG": "82", "NOM_REGION": "RHONE-ALPES", "CODGEO": "69053" }, "geometry": { "type": "Polygon", "coordinates": [ [ [ 832744.0, 6567780.0 ], [ 830820.0, 6569485.0 ], [ 829721.0, 6569494.0 ], [ 829405.0, 6570157.0 ], [ 829584.0, 6570489.0 ], [ 830835.0, 6571298.0 ], [ 832554.0, 6571293.0 ], [ 832685.0, 6570654.0 ], [ 833802.0, 6569454.0 ], [ 833718.0, 6569098.0 ], [ 833048.0, 6568806.0 ], [ 832744.0, 6567780.0 ] ] ] } },
{ "type": "Feature", "properties": { "ID_GEOFLA": 13524, "CODE_COMM": "096", "INSEE_COM": "69096", "NOM_COMM": "GRIGNY", "STATUT": "Commune simple", "X_CHF_LIEU": 8394, "Y_CHF_LIEU": 65025, "X_CENTROID": 8392, "Y_CENTROID": 65025, "Z_MOYEN": 180, "SUPERFICIE": 574, "POPULATION": 8.6, "CODE_CANT": "08", "CODE_ARR": "1", "CODE_DEPT": "69", "NOM_DEPT": "RHONE", "CODE_REG": "82", "NOM_REGION": "RHONE-ALPES", "CODGEO": "69096" }, "geometry": { "type": "Polygon", "coordinates": [ [ [ 838710.0, 6500557.0 ], [ 837538.0, 6502625.0 ], [ 838235.0, 6502914.0 ], [ 839716.0, 6504092.0 ], [ 840859.0, 6504220.0 ], [ 840210.0, 6502354.0 ], [ 839357.0, 6501016.0 ], [ 838710.0, 6500557.0 ] ] ] } },
{ "type": "Feature", "properties": { "ID_GEOFLA": 13565, "CODE_COMM": "174", "INSEE_COM": "69174", "NOM_COMM": "LES SAUVAGES", "STATUT": "Commune simple", "X_CHF_LIEU": 8066, "Y_CHF_LIEU": 65370, "X_CENTROID": 8064, "Y_CENTROID": 65369, "Z_MOYEN": 687, "SUPERFICIE": 1252, "POPULATION": 0.6, "CODE_CANT": "29", "CODE_ARR": "2", "CODE_DEPT": "69", "NOM_DEPT": "RHONE", "CODE_REG": "82", "NOM_REGION": "RHONE-ALPES", "CODGEO": "69174" }, "geometry": { "type": "Polygon", "coordinates": [ [ [ 808241.0, 6535186.0 ], [ 806808.0, 6535135.0 ], [ 805108.0, 6536015.0 ], [ 804342.0, 6536009.0 ], [ 803668.0, 6536283.0 ], [ 804300.0, 6537583.0 ], [ 804810.0, 6538572.0 ], [ 806557.0, 6538160.0 ], [ 807271.0, 6538374.0 ], [ 807654.0, 6538978.0 ], [ 808332.0, 6538764.0 ], [ 808557.0, 6537696.0 ], [ 808312.0, 6536570.0 ], [ 808573.0, 6535856.0 ], [ 808241.0, 6535186.0 ] ] ] } },
{ "type": "Feature", "properties": { "ID_GEOFLA": 13774, "CODE_COMM": "267", "INSEE_COM": "69267", "NOM_COMM": "VILLIE-MORGON", "STATUT": "Commune simple", "X_CHF_LIEU": 8296, "Y_CHF_LIEU": 65638, "X_CENTROID": 8289, "Y_CENTROID": 65635, "Z_MOYEN": 322, "SUPERFICIE": 1848, "POPULATION": 1.8, "CODE_CANT": "04", "CODE_ARR": "2", "CODE_DEPT": "69", "NOM_DEPT": "RHONE", "CODE_REG": "82", "NOM_REGION": "RHONE-ALPES", "CODGEO": "69267" }, "geometry": { "type": "Polygon", "coordinates": [ [ [ 830550.0, 6560669.0 ], [ 829367.0, 6560824.0 ], [ 827393.0, 6562611.0 ], [ 826976.0, 6564074.0 ], [ 824903.0, 6566323.0 ], [ 825106.0, 6566706.0 ], [ 825875.0, 6566639.0 ], [ 827298.0, 6565354.0 ], [ 829185.0, 6564999.0 ], [ 829622.0, 6565523.0 ], [ 830808.0, 6565203.0 ], [ 831467.0, 6564518.0 ], [ 831205.0, 6562687.0 ], [ 831435.0, 6561976.0 ], [ 831126.0, 6561015.0 ], [ 830550.0, 6560669.0 ] ] ] } },
{ "type": "Feature", "properties": { "ID_GEOFLA": 13870, "CODE_COMM": "293", "INSEE_COM": "69293", "NOM_COMM": "SATHONAY-VILLAGE", "STATUT": "Commune simple", "X_CHF_LIEU": 8457, "Y_CHF_LIEU": 65277, "X_CENTROID": 8463, "Y_CENTROID": 65284, "Z_MOYEN": 286, "SUPERFICIE": 509, "POPULATION": 1.9, "CODE_CANT": "39", "CODE_ARR": "1", "CODE_DEPT": "69", "NOM_DEPT": "RHONE", "CODE_REG": "82", "NOM_REGION": "RHONE-ALPES", "CODGEO": "69293" }, "geometry": { "type": "Polygon", "coordinates": [ [ [ 846982.0, 6528012.0 ], [ 845895.0, 6527225.0 ], [ 844804.0, 6527501.0 ], [ 844701.0, 6527637.0 ], [ 844891.0, 6528219.0 ], [ 845711.0, 6529483.0 ], [ 847196.0, 6529648.0 ], [ 847944.0, 6528842.0 ], [ 848088.0, 6528112.0 ], [ 846982.0, 6528012.0 ] ] ] } },
{ "type": "Feature", "properties": { "ID_GEOFLA": 13871, "CODE_COMM": "194", "INSEE_COM": "69194", "NOM_COMM": "SAINT-DIDIER-AU-MONT-D'OR", "STATUT": "Commune simple", "X_CHF_LIEU": 8396, "Y_CHF_LIEU": 65250, "X_CENTROID": 8396, "Y_CENTROID": 65254, "Z_MOYEN": 350, "SUPERFICIE": 834, "POPULATION": 6.3, "CODE_CANT": "10", "CODE_ARR": "1", "CODE_DEPT": "69", "NOM_DEPT": "RHONE", "CODE_REG": "82", "NOM_REGION": "RHONE-ALPES", "CODGEO": "69194" }, "geometry": { "type": "Polygon", "coordinates": [ [ [ 841221.0, 6523820.0 ], [ 840312.0, 6522714.0 ], [ 840030.0, 6522941.0 ], [ 839633.0, 6523906.0 ], [ 838648.0, 6524403.0 ], [ 838394.0, 6525093.0 ], [ 838894.0, 6527102.0 ], [ 838673.0, 6528502.0 ], [ 839188.0, 6528563.0 ], [ 840496.0, 6526204.0 ], [ 840468.0, 6524681.0 ], [ 841221.0, 6523820.0 ] ] ] } },
{ "type": "Feature", "properties": { "ID_GEOFLA": 14153, "CODE_COMM": "210", "INSEE_COM": "69210", "NOM_COMM": "SAINT-JACQUES-DES-ARRETS", "STATUT": "Commune simple", "X_CHF_LIEU": 8230, "Y_CHF_LIEU": 65741, "X_CENTROID": 8237, "Y_CENTROID": 65741, "Z_MOYEN": 538, "SUPERFICIE": 750, "POPULATION": 0.1, "CODE_CANT": "23", "CODE_ARR": "2", "CODE_DEPT": "69", "NOM_DEPT": "RHONE", "CODE_REG": "82", "NOM_REGION": "RHONE-ALPES", "CODGEO": "69210" }, "geometry": { "type": "Polygon", "coordinates": [ [ [ 822027.0, 6572967.0 ], [ 822146.0, 6574045.0 ], [ 822178.0, 6575503.0 ], [ 824653.0, 6575157.0 ], [ 824891.0, 6574496.0 ], [ 826577.0, 6574067.0 ], [ 825592.0, 6573346.0 ], [ 825026.0, 6573131.0 ], [ 824371.0, 6573411.0 ], [ 824168.0, 6573115.0 ], [ 822027.0, 6572967.0 ] ] ] } },
{ "type": "Feature", "properties": { "ID_GEOFLA": 14198, "CODE_COMM": "088", "INSEE_COM": "69088", "NOM_COMM": "FONTAINES-SUR-SAONE", "STATUT": "Commune simple", "X_CHF_LIEU": 8431, "Y_CHF_LIEU": 65279, "X_CENTROID": 8441, "Y_CENTROID": 65270, "Z_MOYEN": 211, "SUPERFICIE": 238, "POPULATION": 6.3, "CODE_CANT": "25", "CODE_ARR": "1", "CODE_DEPT": "69", "NOM_DEPT": "RHONE", "CODE_REG": "82", "NOM_REGION": "RHONE-ALPES", "CODGEO": "69088" }, "geometry": { "type": "Polygon", "coordinates": [ [ [ 844848.0, 6525597.0 ], [ 844122.0, 6525963.0 ], [ 844257.0, 6526305.0 ], [ 843682.0, 6527240.0 ], [ 843057.0, 6527601.0 ], [ 842723.0, 6528303.0 ], [ 844701.0, 6527637.0 ], [ 844804.0, 6527501.0 ], [ 844903.0, 6525632.0 ], [ 844848.0, 6525597.0 ] ] ] } },
{ "type": "Feature", "properties": { "ID_GEOFLA": 14199, "CODE_COMM": "040", "INSEE_COM": "69040", "NOM_COMM": "CHAMPAGNE-AU-MONT-D'OR", "STATUT": "Commune simple", "X_CHF_LIEU": 8390, "Y_CHF_LIEU": 65232, "X_CENTROID": 8387, "Y_CENTROID": 65236, "Z_MOYEN": 280, "SUPERFICIE": 257, "POPULATION": 5.0, "CODE_CANT": "52", "CODE_ARR": "1", "CODE_DEPT": "69", "NOM_DEPT": "RHONE", "CODE_REG": "82", "NOM_REGION": "RHONE-ALPES", "CODGEO": "69040" }, "geometry": { "type": "Polygon", "coordinates": [ [ [ 838948.0, 6522675.0 ], [ 837495.0, 6523901.0 ], [ 837522.0, 6524091.0 ], [ 838167.0, 6524397.0 ], [ 838394.0, 6525093.0 ], [ 838648.0, 6524403.0 ], [ 839633.0, 6523906.0 ], [ 840030.0, 6522941.0 ], [ 838948.0, 6522675.0 ] ] ] } },
{ "type": "Feature", "properties": { "ID_GEOFLA": 14427, "CODE_COMM": "054", "INSEE_COM": "69054", "NOM_COMM": "CHENELETTE", "STATUT": "Commune simple", "X_CHF_LIEU": 8150, "Y_CHF_LIEU": 65642, "X_CENTROID": 8150, "Y_CENTROID": 65643, "Z_MOYEN": 704, "SUPERFICIE": 1097, "POPULATION": 0.3, "CODE_CANT": "09", "CODE_ARR": "2", "CODE_DEPT": "69", "NOM_DEPT": "RHONE", "CODE_REG": "82", "NOM_REGION": "RHONE-ALPES", "CODGEO": "69054" }, "geometry": { "type": "Polygon", "coordinates": [ [ [ 815705.0, 6561575.0 ], [ 814953.0, 6561664.0 ], [ 814449.0, 6562234.0 ], [ 814307.0, 6563383.0 ], [ 813254.0, 6565867.0 ], [ 814188.0, 6566115.0 ], [ 814127.0, 6567504.0 ], [ 815698.0, 6566016.0 ], [ 816417.0, 6564776.0 ], [ 816279.0, 6563219.0 ], [ 816170.0, 6562158.0 ], [ 815705.0, 6561575.0 ] ] ] } },
{ "type": "Feature", "properties": { "ID_GEOFLA": 14430, "CODE_COMM": "103", "INSEE_COM": "69103", "NOM_COMM": "JULIENAS", "STATUT": "Commune simple", "X_CHF_LIEU": 8318, "Y_CHF_LIEU": 65720, "X_CENTROID": 8313, "Y_CENTROID": 65726, "Z_MOYEN": 332, "SUPERFICIE": 750, "POPULATION": 0.8, "CODE_CANT": "04", "CODE_ARR": "2", "CODE_DEPT": "69", "NOM_DEPT": "RHONE", "CODE_REG": "82", "NOM_REGION": "RHONE-ALPES", "CODGEO": "69103" }, "geometry": { "type": "Polygon", "coordinates": [ [ [ 833787.0, 6571842.0 ], [ 833558.0, 6571205.0 ], [ 832554.0, 6571293.0 ], [ 830835.0, 6571298.0 ], [ 830718.0, 6571579.0 ], [ 828927.0, 6574257.0 ], [ 828957.0, 6575225.0 ], [ 829423.0, 6575526.0 ], [ 829497.0, 6574426.0 ], [ 830258.0, 6573592.0 ], [ 831372.0, 6573762.0 ], [ 831648.0, 6573504.0 ], [ 832568.0, 6573044.0 ], [ 833787.0, 6571842.0 ] ] ] } },
{ "type": "Feature", "properties": { "ID_GEOFLA": 14520, "CODE_COMM": "042", "INSEE_COM": "69042", "NOM_COMM": "LA CHAPELLE-SUR-COISE", "STATUT": "Commune simple", "X_CHF_LIEU": 8167, "Y_CHF_LIEU": 65072, "X_CENTROID": 8165, "Y_CENTROID": 65067, "Z_MOYEN": 696, "SUPERFICIE": 664, "POPULATION": 0.5, "CODE_CANT": "28", "CODE_ARR": "1", "CODE_DEPT": "69", "NOM_DEPT": "RHONE", "CODE_REG": "82", "NOM_REGION": "RHONE-ALPES", "CODGEO": "69042" }, "geometry": { "type": "Polygon", "coordinates": [ [ [ 817962.0, 6505694.0 ], [ 817381.0, 6505235.0 ], [ 816714.0, 6505546.0 ], [ 815213.0, 6505518.0 ], [ 815327.0, 6507810.0 ], [ 816963.0, 6508660.0 ], [ 817834.0, 6506585.0 ], [ 817962.0, 6505694.0 ] ] ] } },
{ "type": "Feature", "properties": { "ID_GEOFLA": 14521, "CODE_COMM": "207", "INSEE_COM": "69207", "NOM_COMM": "SAINT-GERMAIN-AU-MONT-D'OR", "STATUT": "Commune simple", "X_CHF_LIEU": 8397, "Y_CHF_LIEU": 65329, "X_CENTROID": 8397, "Y_CENTROID": 65329, "Z_MOYEN": 240, "SUPERFICIE": 547, "POPULATION": 2.6, "CODE_CANT": "25", "CODE_ARR": "1", "CODE_DEPT": "69", "NOM_DEPT": "RHONE", "CODE_REG": "82", "NOM_REGION": "RHONE-ALPES", "CODGEO": "69207" }, "geometry": { "type": "Polygon", "coordinates": [ [ [ 838678.0, 6531420.0 ], [ 838975.0, 6534639.0 ], [ 839871.0, 6534752.0 ], [ 839959.0, 6534561.0 ], [ 840737.0, 6533251.0 ], [ 841134.0, 6532957.0 ], [ 840163.0, 6531502.0 ], [ 838678.0, 6531420.0 ] ] ] } },
{ "type": "Feature", "properties": { "ID_GEOFLA": 14845, "CODE_COMM": "184", "INSEE_COM": "69184", "NOM_COMM": "SAINTE-CATHERINE", "STATUT": "Commune simple", "X_CHF_LIEU": 8223, "Y_CHF_LIEU": 65011, "X_CENTROID": 8225, "Y_CENTROID": 65015, "Z_MOYEN": 768, "SUPERFICIE": 1369, "POPULATION": 0.9, "CODE_CANT": "24", "CODE_ARR": "1", "CODE_DEPT": "69", "NOM_DEPT": "RHONE", "CODE_REG": "82", "NOM_REGION": "RHONE-ALPES", "CODGEO": "69184" }, "geometry": { "type": "Polygon", "coordinates": [ [ [ 820653.0, 6499032.0 ], [ 820297.0, 6500824.0 ], [ 821315.0, 6501858.0 ], [ 821422.0, 6502587.0 ], [ 822417.0, 6503033.0 ], [ 822826.0, 6504068.0 ], [ 823481.0, 6504418.0 ], [ 825078.0, 6503106.0 ], [ 825093.0, 6503051.0 ], [ 824878.0, 6502337.0 ], [ 824041.0, 6501551.0 ], [ 823559.0, 6501250.0 ], [ 823241.0, 6501056.0 ], [ 823151.0, 6499587.0 ], [ 822468.0, 6499301.0 ], [ 820653.0, 6499032.0 ] ] ] } },
{ "type": "Feature", "properties": { "ID_GEOFLA": 14846, "CODE_COMM": "171", "INSEE_COM": "69171", "NOM_COMM": "SAIN-BEL", "STATUT": "Commune simple", "X_CHF_LIEU": 8240, "Y_CHF_LIEU": 65246, "X_CENTROID": 8241, "Y_CENTROID": 65248, "Z_MOYEN": 274, "SUPERFICIE": 381, "POPULATION": 2.2, "CODE_CANT": "03", "CODE_ARR": "1", "CODE_DEPT": "69", "NOM_DEPT": "RHONE", "CODE_REG": "82", "NOM_REGION": "RHONE-ALPES", "CODGEO": "69171" }, "geometry": { "type": "Polygon", "coordinates": [ [ [ 823680.0, 6523105.0 ], [ 823417.0, 6523262.0 ], [ 823463.0, 6525565.0 ], [ 824159.0, 6526488.0 ], [ 824739.0, 6526049.0 ], [ 825056.0, 6525412.0 ], [ 825418.0, 6525348.0 ], [ 824718.0, 6524170.0 ], [ 823680.0, 6523105.0 ] ] ] } },
{ "type": "Feature", "properties": { "ID_GEOFLA": 14847, "CODE_COMM": "264", "INSEE_COM": "69264", "NOM_COMM": "VILLEFRANCHE-SUR-SAONE", "STATUT": "Sous-préfecture", "X_CHF_LIEU": 8330, "Y_CHF_LIEU": 65447, "X_CENTROID": 8340, "Y_CENTROID": 65445, "Z_MOYEN": 181, "SUPERFICIE": 942, "POPULATION": 33.8, "CODE_CANT": "32", "CODE_ARR": "2", "CODE_DEPT": "69", "NOM_DEPT": "RHONE", "CODE_REG": "82", "NOM_REGION": "RHONE-ALPES", "CODGEO": "69264" }, "geometry": { "type": "Polygon", "coordinates": [ [ [ 835526.0, 6542033.0 ], [ 834841.0, 6542468.0 ], [ 835064.0, 6543205.0 ], [ 834381.0, 6543561.0 ], [ 832841.0, 6543552.0 ], [ 832194.0, 6543901.0 ], [ 831459.0, 6543666.0 ], [ 832239.0, 6544468.0 ], [ 832057.0, 6545203.0 ], [ 832314.0, 6545896.0 ], [ 833042.0, 6545890.0 ], [ 835303.0, 6546281.0 ], [ 835402.0, 6545571.0 ], [ 835848.0, 6543075.0 ], [ 835526.0, 6542033.0 ] ] ] } },
{ "type": "Feature", "properties": { "ID_GEOFLA": 15200, "CODE_COMM": "063", "INSEE_COM": "69063", "NOM_COMM": "COLLONGES-AU-MONT-D'OR", "STATUT": "Commune simple", "X_CHF_LIEU": 8428, "Y_CHF_LIEU": 65265, "X_CENTROID": 8430, "Y_CENTROID": 65263, "Z_MOYEN": 208, "SUPERFICIE": 383, "POPULATION": 3.8, "CODE_CANT": "10", "CODE_ARR": "1", "CODE_DEPT": "69", "NOM_DEPT": "RHONE", "CODE_REG": "82", "NOM_REGION": "RHONE-ALPES", "CODGEO": "69063" }, "geometry": { "type": "Polygon", "coordinates": [ [ [ 843014.0, 6524314.0 ], [ 842649.0, 6524832.0 ], [ 842779.0, 6525535.0 ], [ 842500.0, 6526194.0 ], [ 841902.0, 6526528.0 ], [ 841880.0, 6527241.0 ], [ 842673.0, 6527729.0 ], [ 843057.0, 6527601.0 ], [ 843682.0, 6527240.0 ], [ 844257.0, 6526305.0 ], [ 844122.0, 6525963.0 ], [ 843291.0, 6525320.0 ], [ 843014.0, 6524314.0 ] ] ] } },
{ "type": "Feature", "properties": { "ID_GEOFLA": 15542, "CODE_COMM": "131", "INSEE_COM": "69131", "NOM_COMM": "MESSIMY", "STATUT": "Commune simple", "X_CHF_LIEU": 8302, "Y_CHF_LIEU": 65123, "X_CENTROID": 8300, "Y_CENTROID": 65124, "Z_MOYEN": 369, "SUPERFICIE": 1104, "POPULATION": 3.2, "CODE_CANT": "31", "CODE_ARR": "1", "CODE_DEPT": "69", "NOM_DEPT": "RHONE", "CODE_REG": "82", "NOM_REGION": "RHONE-ALPES", "CODGEO": "69131" }, "geometry": { "type": "Polygon", "coordinates": [ [ [ 830339.0, 6510195.0 ], [ 829327.0, 6510584.0 ], [ 827988.0, 6512792.0 ], [ 827720.0, 6512950.0 ], [ 827968.0, 6513272.0 ], [ 829182.0, 6514174.0 ], [ 829935.0, 6514285.0 ], [ 832877.0, 6512561.0 ], [ 832175.0, 6512400.0 ], [ 830339.0, 6510195.0 ] ] ] } },
{ "type": "Feature", "properties": { "ID_GEOFLA": 15543, "CODE_COMM": "032", "INSEE_COM": "69032", "NOM_COMM": "BULLY", "STATUT": "Commune simple", "X_CHF_LIEU": 8228, "Y_CHF_LIEU": 65291, "X_CENTROID": 8226, "Y_CENTROID": 65300, "Z_MOYEN": 332, "SUPERFICIE": 1275, "POPULATION": 2.0, "CODE_CANT": "03", "CODE_ARR": "1", "CODE_DEPT": "69", "NOM_DEPT": "RHONE", "CODE_REG": "82", "NOM_REGION": "RHONE-ALPES", "CODGEO": "69032" }, "geometry": { "type": "Polygon", "coordinates": [ [ [ 823861.0, 6527899.0 ], [ 821299.0, 6528596.0 ], [ 820317.0, 6530627.0 ], [ 821876.0, 6531785.0 ], [ 822643.0, 6531937.0 ], [ 822789.0, 6532300.0 ], [ 824031.0, 6532064.0 ], [ 823882.0, 6530972.0 ], [ 824586.0, 6530197.0 ], [ 824437.0, 6528719.0 ], [ 823861.0, 6527899.0 ] ] ] } },
{ "type": "Feature", "properties": { "ID_GEOFLA": 15544, "CODE_COMM": "071", "INSEE_COM": "69071", "NOM_COMM": "CURIS-AU-MONT-D'OR", "STATUT": "Commune simple", "X_CHF_LIEU": 8412, "Y_CHF_LIEU": 65316, "X_CENTROID": 8410, "Y_CENTROID": 65315, "Z_MOYEN": 270, "SUPERFICIE": 309, "POPULATION": 1.0, "CODE_CANT": "25", "CODE_ARR": "1", "CODE_DEPT": "69", "NOM_DEPT": "RHONE", "CODE_REG": "82", "NOM_REGION": "RHONE-ALPES", "CODGEO": "69071" }, "geometry": { "type": "Polygon", "coordinates": [ [ [ 840679.0, 6529954.0 ], [ 840163.0, 6531502.0 ], [ 841134.0, 6532957.0 ], [ 842042.0, 6532740.0 ], [ 841111.0, 6530180.0 ], [ 840679.0, 6529954.0 ] ] ] } },
{ "type": "Feature", "properties": { "ID_GEOFLA": 15545, "CODE_COMM": "199", "INSEE_COM": "69199", "NOM_COMM": "SAINT-FONS", "STATUT": "Chef-lieu canton", "X_CHF_LIEU": 8441, "Y_CHF_LIEU": 65138, "X_CENTROID": 8439, "Y_CENTROID": 65129, "Z_MOYEN": 177, "SUPERFICIE": 607, "POPULATION": 17.0, "CODE_CANT": "49", "CODE_ARR": "1", "CODE_DEPT": "69", "NOM_DEPT": "RHONE", "CODE_REG": "82", "NOM_REGION": "RHONE-ALPES", "CODGEO": "69199" }, "geometry": { "type": "Polygon", "coordinates": [ [ [ 844883.0, 6511569.0 ], [ 844205.0, 6511374.0 ], [ 843804.0, 6510820.0 ], [ 842893.0, 6511361.0 ], [ 843043.0, 6511890.0 ], [ 843484.0, 6512739.0 ], [ 843188.0, 6513722.0 ], [ 843086.0, 6514821.0 ], [ 843831.0, 6514957.0 ], [ 843873.0, 6514960.0 ], [ 845017.0, 6514124.0 ], [ 845122.0, 6513030.0 ], [ 844574.0, 6512618.0 ], [ 844883.0, 6511569.0 ] ] ] } },
{ "type": "Feature", "properties": { "ID_GEOFLA": 15583, "CODE_COMM": "204", "INSEE_COM": "69204", "NOM_COMM": "SAINT-GENIS-LAVAL", "STATUT": "Chef-lieu canton", "X_CHF_LIEU": 8395, "Y_CHF_LIEU": 65122, "X_CENTROID": 8392, "Y_CENTROID": 65120, "Z_MOYEN": 237, "SUPERFICIE": 1294, "POPULATION": 20.3, "CODE_CANT": "26", "CODE_ARR": "1", "CODE_DEPT": "69", "NOM_DEPT": "RHONE", "CODE_REG": "82", "NOM_REGION": "RHONE-ALPES", "CODGEO": "69204" }, "geometry": { "type": "Polygon", "coordinates": [ [ [ 839290.0, 6508879.0 ], [ 838982.0, 6509027.0 ], [ 839004.0, 6509692.0 ], [ 838663.0, 6509704.0 ], [ 838009.0, 6511362.0 ], [ 837300.0, 6511529.0 ], [ 837549.0, 6513285.0 ], [ 838357.0, 6514877.0 ], [ 840461.0, 6513156.0 ], [ 840751.0, 6512554.0 ], [ 841667.0, 6512301.0 ], [ 841442.0, 6511594.0 ], [ 839551.0, 6509734.0 ], [ 839516.0, 6508992.0 ], [ 839290.0, 6508879.0 ] ] ] } },
{ "type": "Feature", "properties": { "ID_GEOFLA": 15889, "CODE_COMM": "159", "INSEE_COM": "69159", "NOM_COMM": "POUILLY-LE-MONIAL", "STATUT": "Commune simple", "X_CHF_LIEU": 8275, "Y_CHF_LIEU": 65410, "X_CENTROID": 8274, "Y_CENTROID": 65408, "Z_MOYEN": 284, "SUPERFICIE": 379, "POPULATION": 0.8, "CODE_CANT": "02", "CODE_ARR": "2", "CODE_DEPT": "69", "NOM_DEPT": "RHONE", "CODE_REG": "82", "NOM_REGION": "RHONE-ALPES", "CODGEO": "69159" }, "geometry": { "type": "Polygon", "coordinates": [ [ [ 828628.0, 6540288.0 ], [ 827316.0, 6539672.0 ], [ 826723.0, 6540075.0 ], [ 826231.0, 6541003.0 ], [ 826857.0, 6541823.0 ], [ 827587.0, 6541851.0 ], [ 827944.0, 6541985.0 ], [ 828199.0, 6541701.0 ], [ 828628.0, 6540288.0 ] ] ] } },
{ "type": "Feature", "properties": { "ID_GEOFLA": 15890, "CODE_COMM": "170", "INSEE_COM": "69170", "NOM_COMM": "RONTALON", "STATUT": "Commune simple", "X_CHF_LIEU": 8270, "Y_CHF_LIEU": 65080, "X_CENTROID": 8260, "Y_CENTROID": 65076, "Z_MOYEN": 547, "SUPERFICIE": 1263, "POPULATION": 1.1, "CODE_CANT": "24", "CODE_ARR": "1", "CODE_DEPT": "69", "NOM_DEPT": "RHONE", "CODE_REG": "82", "NOM_REGION": "RHONE-ALPES", "CODGEO": "69170" }, "geometry": { "type": "Polygon", "coordinates": [ [ [ 825415.0, 6505656.0 ], [ 823938.0, 6506473.0 ], [ 824209.0, 6507566.0 ], [ 823620.0, 6508046.0 ], [ 824521.0, 6509200.0 ], [ 827454.0, 6509122.0 ], [ 828836.0, 6507890.0 ], [ 828653.0, 6507566.0 ], [ 826494.0, 6506049.0 ], [ 825415.0, 6505656.0 ] ] ] } },
{ "type": "Feature", "properties": { "ID_GEOFLA": 15891, "CODE_COMM": "241", "INSEE_COM": "69241", "NOM_COMM": "TALUYERS", "STATUT": "Commune simple", "X_CHF_LIEU": 8341, "Y_CHF_LIEU": 65059, "X_CENTROID": 8343, "Y_CENTROID": 65055, "Z_MOYEN": 311, "SUPERFICIE": 816, "POPULATION": 2.0, "CODE_CANT": "24", "CODE_ARR": "1", "CODE_DEPT": "69", "NOM_DEPT": "RHONE", "CODE_REG": "82", "NOM_REGION": "RHONE-ALPES", "CODGEO": "69241" }, "geometry": { "type": "Polygon", "coordinates": [ [ [ 834757.0, 6503927.0 ], [ 833980.0, 6503371.0 ], [ 833396.0, 6503694.0 ], [ 832880.0, 6505164.0 ], [ 832909.0, 6506336.0 ], [ 834399.0, 6507236.0 ], [ 836174.0, 6507247.0 ], [ 834757.0, 6503927.0 ] ] ] } },
{ "type": "Feature", "properties": { "ID_GEOFLA": 15892, "CODE_COMM": "296", "INSEE_COM": "69296", "NOM_COMM": "SOLAIZE", "STATUT": "Commune simple", "X_CHF_LIEU": 8433, "Y_CHF_LIEU": 65061, "X_CENTROID": 8431, "Y_CENTROID": 65068, "Z_MOYEN": 197, "SUPERFICIE": 808, "POPULATION": 2.7, "CODE_CANT": "49", "CODE_ARR": "1", "CODE_DEPT": "69", "NOM_DEPT": "RHONE", "CODE_REG": "82", "NOM_REGION": "RHONE-ALPES", "CODGEO": "69296" }, "geometry": { "type": "Polygon", "coordinates": [ [ [ 843045.0, 6505195.0 ], [ 842010.0, 6505489.0 ], [ 841827.0, 6506188.0 ], [ 840891.0, 6505658.0 ], [ 841137.0, 6506376.0 ], [ 842397.0, 6507704.0 ], [ 842489.0, 6508447.0 ], [ 843937.0, 6508337.0 ], [ 844623.0, 6508644.0 ], [ 844470.0, 6506303.0 ], [ 844118.0, 6505602.0 ], [ 843045.0, 6505195.0 ] ] ] } },
{ "type": "Feature", "properties": { "ID_GEOFLA": 15893, "CODE_COMM": "221", "INSEE_COM": "69221", "NOM_COMM": "SAINT-LAURENT-DE-VAUX", "STATUT": "Commune simple", "X_CHF_LIEU": 8269, "Y_CHF_LIEU": 65141, "X_CENTROID": 8266, "Y_CENTROID": 65136, "Z_MOYEN": 523, "SUPERFICIE": 258, "POPULATION": 0.3, "CODE_CANT": "31", "CODE_ARR": "1", "CODE_DEPT": "69", "NOM_DEPT": "RHONE", "CODE_REG": "82", "NOM_REGION": "RHONE-ALPES", "CODGEO": "69221" }, "geometry": { "type": "Polygon", "coordinates": [ [ [ 827720.0, 6512950.0 ], [ 825587.0, 6513325.0 ], [ 825296.0, 6513544.0 ], [ 825415.0, 6513888.0 ], [ 827119.0, 6514425.0 ], [ 827968.0, 6513272.0 ], [ 827720.0, 6512950.0 ] ] ] } },
{ "type": "Feature", "properties": { "ID_GEOFLA": 15894, "CODE_COMM": "292", "INSEE_COM": "69292", "NOM_COMM": "SATHONAY-CAMP", "STATUT": "Commune simple", "X_CHF_LIEU": 8455, "Y_CHF_LIEU": 65267, "X_CENTROID": 8454, "Y_CENTROID": 65268, "Z_MOYEN": 260, "SUPERFICIE": 186, "POPULATION": 4.2, "CODE_CANT": "39", "CODE_ARR": "1", "CODE_DEPT": "69", "NOM_DEPT": "RHONE", "CODE_REG": "82", "NOM_REGION": "RHONE-ALPES", "CODGEO": "69292" }, "geometry": { "type": "Polygon", "coordinates": [ [ [ 844903.0, 6525632.0 ], [ 844804.0, 6527501.0 ], [ 845895.0, 6527225.0 ], [ 846982.0, 6528012.0 ], [ 844903.0, 6525632.0 ] ] ] } },
{ "type": "Feature", "properties": { "ID_GEOFLA": 16334, "CODE_COMM": "091", "INSEE_COM": "69091", "NOM_COMM": "GIVORS", "STATUT": "Chef-lieu canton", "X_CHF_LIEU": 8378, "Y_CHF_LIEU": 65005, "X_CENTROID": 8370, "Y_CENTROID": 64995, "Z_MOYEN": 243, "SUPERFICIE": 1753, "POPULATION": 19.3, "CODE_CANT": "08", "CODE_ARR": "1", "CODE_DEPT": "69", "NOM_DEPT": "RHONE", "CODE_REG": "82", "NOM_REGION": "RHONE-ALPES", "CODGEO": "69091" }, "geometry": { "type": "Polygon", "coordinates": [ [ [ 837814.0, 6496833.0 ], [ 836967.0, 6498939.0 ], [ 835934.0, 6498499.0 ], [ 835273.0, 6498882.0 ], [ 834581.0, 6498589.0 ], [ 833573.0, 6498632.0 ], [ 833342.0, 6500131.0 ], [ 834092.0, 6500896.0 ], [ 835162.0, 6500469.0 ], [ 836307.0, 6500728.0 ], [ 837047.0, 6502449.0 ], [ 837430.0, 6502908.0 ], [ 837538.0, 6502625.0 ], [ 838710.0, 6500557.0 ], [ 838557.0, 6500213.0 ], [ 838886.0, 6499520.0 ], [ 841036.0, 6498598.0 ], [ 837814.0, 6496833.0 ] ] ] } },
{ "type": "Feature", "properties": { "ID_GEOFLA": 16479, "CODE_COMM": "217", "INSEE_COM": "69217", "NOM_COMM": "SAINT-JUST-D'AVRAY", "STATUT": "Commune simple", "X_CHF_LIEU": 8119, "Y_CHF_LIEU": 65457, "X_CENTROID": 8124, "Y_CENTROID": 65454, "Z_MOYEN": 584, "SUPERFICIE": 1752, "POPULATION": 0.7, "CODE_CANT": "01", "CODE_ARR": "2", "CODE_DEPT": "69", "NOM_DEPT": "RHONE", "CODE_REG": "82", "NOM_REGION": "RHONE-ALPES", "CODGEO": "69217" }, "geometry": { "type": "Polygon", "coordinates": [ [ [ 812021.0, 6543132.0 ], [ 810561.0, 6544292.0 ], [ 809823.0, 6544350.0 ], [ 809771.0, 6545798.0 ], [ 810439.0, 6547467.0 ], [ 810706.0, 6547705.0 ], [ 811295.0, 6547362.0 ], [ 812326.0, 6547621.0 ], [ 813536.0, 6546866.0 ], [ 814495.0, 6546346.0 ], [ 815523.0, 6546648.0 ], [ 815864.0, 6545657.0 ], [ 814316.0, 6544678.0 ], [ 814189.0, 6543980.0 ], [ 813670.0, 6543442.0 ], [ 812991.0, 6543229.0 ], [ 812813.0, 6543506.0 ], [ 812159.0, 6543431.0 ], [ 812021.0, 6543132.0 ] ] ] } },
{ "type": "Feature", "properties": { "ID_GEOFLA": 16911, "CODE_COMM": "290", "INSEE_COM": "69290", "NOM_COMM": "SAINT-PRIEST", "STATUT": "Chef-lieu canton", "X_CHF_LIEU": 8512, "Y_CHF_LIEU": 65126, "X_CENTROID": 8516, "Y_CENTROID": 65131, "Z_MOYEN": 215, "SUPERFICIE": 2962, "POPULATION": 40.9, "CODE_CANT": "45", "CODE_ARR": "1", "CODE_DEPT": "69", "NOM_DEPT": "RHONE", "CODE_REG": "82", "NOM_REGION": "RHONE-ALPES", "CODGEO": "69290" }, "geometry": { "type": "Polygon", "coordinates": [ [ [ 853296.0, 6510473.0 ], [ 851981.0, 6511108.0 ], [ 850530.0, 6511171.0 ], [ 849893.0, 6511057.0 ], [ 848771.0, 6511656.0 ], [ 847525.0, 6513425.0 ], [ 848529.0, 6514945.0 ], [ 850560.0, 6515902.0 ], [ 852745.0, 6515287.0 ], [ 853503.0, 6515372.0 ], [ 853789.0, 6514658.0 ], [ 855595.0, 6514035.0 ], [ 854868.0, 6511785.0 ], [ 854981.0, 6510604.0 ], [ 853880.0, 6510976.0 ], [ 853296.0, 6510473.0 ] ] ] } },
{ "type": "Feature", "properties": { "ID_GEOFLA": 16912, "CODE_COMM": "166", "INSEE_COM": "69166", "NOM_COMM": "RIVERIE", "STATUT": "Commune simple", "X_CHF_LIEU": 8238, "Y_CHF_LIEU": 65012, "X_CENTROID": 8238, "Y_CENTROID": 65012, "Z_MOYEN": 681, "SUPERFICIE": 39, "POPULATION": 0.3, "CODE_CANT": "24", "CODE_ARR": "1", "CODE_DEPT": "69", "NOM_DEPT": "RHONE", "CODE_REG": "82", "NOM_REGION": "RHONE-ALPES", "CODGEO": "69166" }, "geometry": { "type": "Polygon", "coordinates": [ [ [ 824041.0, 6501551.0 ], [ 824010.0, 6500864.0 ], [ 823559.0, 6501250.0 ], [ 824041.0, 6501551.0 ] ] ] } },
{ "type": "Feature", "properties": { "ID_GEOFLA": 16913, "CODE_COMM": "140", "INSEE_COM": "69140", "NOM_COMM": "MORANCE", "STATUT": "Commune simple", "X_CHF_LIEU": 8318, "Y_CHF_LIEU": 65345, "X_CENTROID": 8317, "Y_CENTROID": 65341, "Z_MOYEN": 250, "SUPERFICIE": 928, "POPULATION": 2.0, "CODE_CANT": "02", "CODE_ARR": "2", "CODE_DEPT": "69", "NOM_DEPT": "RHONE", "CODE_REG": "82", "NOM_REGION": "RHONE-ALPES", "CODGEO": "69140" }, "geometry": { "type": "Polygon", "coordinates": [ [ [ 831409.0, 6532531.0 ], [ 829802.0, 6532739.0 ], [ 829887.0, 6535127.0 ], [ 830684.0, 6535350.0 ], [ 832486.0, 6535214.0 ], [ 833869.0, 6535662.0 ], [ 834160.0, 6533467.0 ], [ 832751.0, 6533601.0 ], [ 831409.0, 6532531.0 ] ] ] } },
{ "type": "Feature", "properties": { "ID_GEOFLA": 16914, "CODE_COMM": "276", "INSEE_COM": "69276", "NOM_COMM": "FEYZIN", "STATUT": "Commune simple", "X_CHF_LIEU": 8447, "Y_CHF_LIEU": 65098, "X_CENTROID": 8445, "Y_CENTROID": 65098, "Z_MOYEN": 192, "SUPERFICIE": 1045, "POPULATION": 9.4, "CODE_CANT": "49", "CODE_ARR": "1", "CODE_DEPT": "69", "NOM_DEPT": "RHONE", "CODE_REG": "82", "NOM_REGION": "RHONE-ALPES", "CODGEO": "69276" }, "geometry": { "type": "Polygon", "coordinates": [ [ [ 844623.0, 6508644.0 ], [ 843937.0, 6508337.0 ], [ 842489.0, 6508447.0 ], [ 842893.0, 6511361.0 ], [ 843804.0, 6510820.0 ], [ 844205.0, 6511374.0 ], [ 844883.0, 6511569.0 ], [ 845600.0, 6511506.0 ], [ 846861.0, 6509749.0 ], [ 847059.0, 6508928.0 ], [ 844623.0, 6508644.0 ] ] ] } },
{ "type": "Feature", "properties": { "ID_GEOFLA": 16955, "CODE_COMM": "061", "INSEE_COM": "69061", "NOM_COMM": "COGNY", "STATUT": "Commune simple", "X_CHF_LIEU": 8257, "Y_CHF_LIEU": 65443, "X_CENTROID": 8246, "Y_CENTROID": 65443, "Z_MOYEN": 424, "SUPERFICIE": 578, "POPULATION": 1.0, "CODE_CANT": "53", "CODE_ARR": "2", "CODE_DEPT": "69", "NOM_DEPT": "RHONE", "CODE_REG": "82", "NOM_REGION": "RHONE-ALPES", "CODGEO": "69061" }, "geometry": { "type": "Polygon", "coordinates": [ [ [ 825261.0, 6543344.0 ], [ 824152.0, 6543450.0 ], [ 822984.0, 6544377.0 ], [ 821159.0, 6544443.0 ], [ 820885.0, 6545110.0 ], [ 824312.0, 6544583.0 ], [ 825905.0, 6545542.0 ], [ 826600.0, 6545016.0 ], [ 826799.0, 6544409.0 ], [ 826592.0, 6543861.0 ], [ 826843.0, 6543655.0 ], [ 825261.0, 6543344.0 ] ] ] } },
{ "type": "Feature", "properties": { "ID_GEOFLA": 17223, "CODE_COMM": "075", "INSEE_COM": "69075", "NOM_COMM": "DIEME", "STATUT": "Commune simple", "X_CHF_LIEU": 8134, "Y_CHF_LIEU": 65412, "X_CENTROID": 8131, "Y_CENTROID": 65412, "Z_MOYEN": 644, "SUPERFICIE": 889, "POPULATION": 0.2, "CODE_CANT": "29", "CODE_ARR": "2", "CODE_DEPT": "69", "NOM_DEPT": "RHONE", "CODE_REG": "82", "NOM_REGION": "RHONE-ALPES", "CODGEO": "69075" }, "geometry": { "type": "Polygon", "coordinates": [ [ [ 814617.0, 6538864.0 ], [ 813809.0, 6539557.0 ], [ 813503.0, 6539373.0 ], [ 810990.0, 6541707.0 ], [ 811542.0, 6542091.0 ], [ 812021.0, 6543132.0 ], [ 812159.0, 6543431.0 ], [ 812813.0, 6543506.0 ], [ 812991.0, 6543229.0 ], [ 814748.0, 6541296.0 ], [ 814862.0, 6541200.0 ], [ 814508.0, 6540163.0 ], [ 814838.0, 6539581.0 ], [ 814617.0, 6538864.0 ] ] ] } },
{ "type": "Feature", "properties": { "ID_GEOFLA": 17553, "CODE_COMM": "215", "INSEE_COM": "69215", "NOM_COMM": "SAINT-JULIEN", "STATUT": "Commune simple", "X_CHF_LIEU": 8278, "Y_CHF_LIEU": 65487, "X_CENTROID": 8277, "Y_CENTROID": 65483, "Z_MOYEN": 287, "SUPERFICIE": 697, "POPULATION": 0.8, "CODE_CANT": "53", "CODE_ARR": "2", "CODE_DEPT": "69", "NOM_DEPT": "RHONE", "CODE_REG": "82", "NOM_REGION": "RHONE-ALPES", "CODGEO": "69215" }, "geometry": { "type": "Polygon", "coordinates": [ [ [ 826001.0, 6547449.0 ], [ 824889.0, 6547472.0 ], [ 824715.0, 6547805.0 ], [ 825476.0, 6548662.0 ], [ 826197.0, 6548473.0 ], [ 829434.0, 6549472.0 ], [ 829638.0, 6549796.0 ], [ 830160.0, 6549567.0 ], [ 830066.0, 6548814.0 ], [ 829259.0, 6547556.0 ], [ 826001.0, 6547449.0 ] ] ] } },
{ "type": "Feature", "properties": { "ID_GEOFLA": 17554, "CODE_COMM": "231", "INSEE_COM": "69231", "NOM_COMM": "SAINT-PIERRE-LA-PALUD", "STATUT": "Commune simple", "X_CHF_LIEU": 8252, "Y_CHF_LIEU": 65225, "X_CENTROID": 8255, "Y_CENTROID": 65215, "Z_MOYEN": 474, "SUPERFICIE": 747, "POPULATION": 2.2, "CODE_CANT": "03", "CODE_ARR": "1", "CODE_DEPT": "69", "NOM_DEPT": "RHONE", "CODE_REG": "82", "NOM_REGION": "RHONE-ALPES", "CODGEO": "69231" }, "geometry": { "type": "Polygon", "coordinates": [ [ [ 826390.0, 6519210.0 ], [ 825353.0, 6519735.0 ], [ 824471.0, 6522255.0 ], [ 823680.0, 6523105.0 ], [ 824718.0, 6524170.0 ], [ 825861.0, 6522224.0 ], [ 827415.0, 6521140.0 ], [ 826390.0, 6519210.0 ] ] ] } },
{ "type": "Feature", "properties": { "ID_GEOFLA": 17556, "CODE_COMM": "081", "INSEE_COM": "69081", "NOM_COMM": "ECULLY", "STATUT": "Chef-lieu canton", "X_CHF_LIEU": 8381, "Y_CHF_LIEU": 65209, "X_CENTROID": 8376, "Y_CENTROID": 65218, "Z_MOYEN": 257, "SUPERFICIE": 842, "POPULATION": 18.0, "CODE_CANT": "52", "CODE_ARR": "1", "CODE_DEPT": "69", "NOM_DEPT": "RHONE", "CODE_REG": "82", "NOM_REGION": "RHONE-ALPES", "CODGEO": "69081" }, "geometry": { "type": "Polygon", "coordinates": [ [ [ 839283.0, 6520879.0 ], [ 837722.0, 6519894.0 ], [ 836862.0, 6520535.0 ], [ 836388.0, 6521030.0 ], [ 836141.0, 6522724.0 ], [ 837495.0, 6523901.0 ], [ 838948.0, 6522675.0 ], [ 838724.0, 6522410.0 ], [ 839174.0, 6521875.0 ], [ 839283.0, 6520879.0 ] ] ] } },
{ "type": "Feature", "properties": { "ID_GEOFLA": 17592, "CODE_COMM": "164", "INSEE_COM": "69164", "NOM_COMM": "RANCHAL", "STATUT": "Commune simple", "X_CHF_LIEU": 8079, "Y_CHF_LIEU": 65597, "X_CENTROID": 8082, "Y_CENTROID": 65591, "Z_MOYEN": 751, "SUPERFICIE": 1511, "POPULATION": 0.3, "CODE_CANT": "09", "CODE_ARR": "2", "CODE_DEPT": "69", "NOM_DEPT": "RHONE", "CODE_REG": "82", "NOM_REGION": "RHONE-ALPES", "CODGEO": "69164" }, "geometry": { "type": "Polygon", "coordinates": [ [ [ 810060.0, 6556907.0 ], [ 807870.0, 6556577.0 ], [ 807308.0, 6556986.0 ], [ 807435.0, 6558423.0 ], [ 807010.0, 6559825.0 ], [ 806543.0, 6560403.0 ], [ 805107.0, 6560756.0 ], [ 805681.0, 6561661.0 ], [ 806646.0, 6562027.0 ], [ 808711.0, 6560664.0 ], [ 809416.0, 6560550.0 ], [ 810548.0, 6558507.0 ], [ 810668.0, 6556762.0 ], [ 810060.0, 6556907.0 ] ] ] } },
{ "type": "Feature", "properties": { "ID_GEOFLA": 17893, "CODE_COMM": "265", "INSEE_COM": "69265", "NOM_COMM": "VILLE-SUR-JARNIOUX", "STATUT": "Commune simple", "X_CHF_LIEU": 8245, "Y_CHF_LIEU": 65414, "X_CENTROID": 8237, "Y_CENTROID": 65423, "Z_MOYEN": 496, "SUPERFICIE": 1029, "POPULATION": 0.8, "CODE_CANT": "06", "CODE_ARR": "2", "CODE_DEPT": "69", "NOM_DEPT": "RHONE", "CODE_REG": "82", "NOM_REGION": "RHONE-ALPES", "CODGEO": "69265" }, "geometry": { "type": "Polygon", "coordinates": [ [ [ 823440.0, 6540102.0 ], [ 822979.0, 6541977.0 ], [ 822402.0, 6542504.0 ], [ 822129.0, 6542786.0 ], [ 821159.0, 6544443.0 ], [ 822984.0, 6544377.0 ], [ 824152.0, 6543450.0 ], [ 825261.0, 6543344.0 ], [ 825564.0, 6543158.0 ], [ 825298.0, 6542129.0 ], [ 825690.0, 6540818.0 ], [ 824971.0, 6540715.0 ], [ 824547.0, 6540106.0 ], [ 823440.0, 6540102.0 ] ] ] } },
{ "type": "Feature", "properties": { "ID_GEOFLA": 18130, "CODE_COMM": "165", "INSEE_COM": "69165", "NOM_COMM": "REGNIE-DURETTE", "STATUT": "Commune simple", "X_CHF_LIEU": 8266, "Y_CHF_LIEU": 65610, "X_CENTROID": 8267, "Y_CENTROID": 65620, "Z_MOYEN": 344, "SUPERFICIE": 1169, "POPULATION": 1.0, "CODE_CANT": "04", "CODE_ARR": "2", "CODE_DEPT": "69", "NOM_DEPT": "RHONE", "CODE_REG": "82", "NOM_REGION": "RHONE-ALPES", "CODGEO": "69165" }, "geometry": { "type": "Polygon", "coordinates": [ [ [ 826711.0, 6559218.0 ], [ 825089.0, 6560651.0 ], [ 826195.0, 6563029.0 ], [ 825865.0, 6564112.0 ], [ 824519.0, 6565891.0 ], [ 824903.0, 6566323.0 ], [ 826976.0, 6564074.0 ], [ 827393.0, 6562611.0 ], [ 829367.0, 6560824.0 ], [ 828381.0, 6560282.0 ], [ 827248.0, 6560204.0 ], [ 826711.0, 6559218.0 ] ] ] } },
{ "type": "Feature", "properties": { "ID_GEOFLA": 18234, "CODE_COMM": "270", "INSEE_COM": "69270", "NOM_COMM": "CHAPONNAY", "STATUT": "Commune simple", "X_CHF_LIEU": 8508, "Y_CHF_LIEU": 65049, "X_CENTROID": 8519, "Y_CENTROID": 65050, "Z_MOYEN": 257, "SUPERFICIE": 1895, "POPULATION": 3.5, "CODE_CANT": "38", "CODE_ARR": "1", "CODE_DEPT": "69", "NOM_DEPT": "RHONE", "CODE_REG": "82", "NOM_REGION": "RHONE-ALPES", "CODGEO": "69270" }, "geometry": { "type": "Polygon", "coordinates": [ [ [ 855755.0, 6502389.0 ], [ 853638.0, 6503382.0 ], [ 850632.0, 6502713.0 ], [ 850196.0, 6502522.0 ], [ 850599.0, 6503160.0 ], [ 850599.0, 6503914.0 ], [ 849429.0, 6505751.0 ], [ 849317.0, 6507220.0 ], [ 849413.0, 6508473.0 ], [ 852614.0, 6506587.0 ], [ 854354.0, 6504353.0 ], [ 855020.0, 6504069.0 ], [ 855991.0, 6503581.0 ], [ 855795.0, 6502439.0 ], [ 855755.0, 6502389.0 ] ] ] } },
{ "type": "Feature", "properties": { "ID_GEOFLA": 18235, "CODE_COMM": "037", "INSEE_COM": "69037", "NOM_COMM": "CHAMBOST-ALLIERES", "STATUT": "Commune simple", "X_CHF_LIEU": 8159, "Y_CHF_LIEU": 65476, "X_CENTROID": 8168, "Y_CENTROID": 65472, "Z_MOYEN": 497, "SUPERFICIE": 1389, "POPULATION": 0.8, "CODE_CANT": "09", "CODE_ARR": "2", "CODE_DEPT": "69", "NOM_DEPT": "RHONE", "CODE_REG": "82", "NOM_REGION": "RHONE-ALPES", "CODGEO": "69037" }, "geometry": { "type": "Polygon", "coordinates": [ [ [ 819674.0, 6545480.0 ], [ 818810.0, 6546012.0 ], [ 818651.0, 6545683.0 ], [ 816877.0, 6545994.0 ], [ 815864.0, 6545657.0 ], [ 815523.0, 6546648.0 ], [ 814495.0, 6546346.0 ], [ 813536.0, 6546866.0 ], [ 814005.0, 6547865.0 ], [ 815403.0, 6548342.0 ], [ 815693.0, 6548986.0 ], [ 816590.0, 6549413.0 ], [ 817224.0, 6549313.0 ], [ 817256.0, 6548570.0 ], [ 818688.0, 6548174.0 ], [ 819173.0, 6547632.0 ], [ 819759.0, 6546494.0 ], [ 819674.0, 6545480.0 ] ] ] } },
{ "type": "Feature", "properties": { "ID_GEOFLA": 18572, "CODE_COMM": "033", "INSEE_COM": "69033", "NOM_COMM": "CAILLOUX-SUR-FONTAINES", "STATUT": "Commune simple", "X_CHF_LIEU": 8454, "Y_CHF_LIEU": 65298, "X_CENTROID": 8461, "Y_CENTROID": 65307, "Z_MOYEN": 274, "SUPERFICIE": 837, "POPULATION": 2.3, "CODE_CANT": "25", "CODE_ARR": "1", "CODE_DEPT": "69", "NOM_DEPT": "RHONE", "CODE_REG": "82", "NOM_REGION": "RHONE-ALPES", "CODGEO": "69033" }, "geometry": { "type": "Polygon", "coordinates": [ [ [ 844891.0, 6528219.0 ], [ 843893.0, 6530181.0 ], [ 845562.0, 6530786.0 ], [ 846099.0, 6532890.0 ], [ 848067.0, 6532284.0 ], [ 847457.0, 6530435.0 ], [ 847196.0, 6529648.0 ], [ 845711.0, 6529483.0 ], [ 844891.0, 6528219.0 ] ] ] } },
{ "type": "Feature", "properties": { "ID_GEOFLA": 18620, "CODE_COMM": "106", "INSEE_COM": "69106", "NOM_COMM": "LACHASSAGNE", "STATUT": "Commune simple", "X_CHF_LIEU": 8307, "Y_CHF_LIEU": 65375, "X_CENTROID": 8301, "Y_CENTROID": 65377, "Z_MOYEN": 324, "SUPERFICIE": 353, "POPULATION": 0.9, "CODE_CANT": "02", "CODE_ARR": "2", "CODE_DEPT": "69", "NOM_DEPT": "RHONE", "CODE_REG": "82", "NOM_REGION": "RHONE-ALPES", "CODGEO": "69106" }, "geometry": { "type": "Polygon", "coordinates": [ [ [ 830839.0, 6536627.0 ], [ 830423.0, 6537184.0 ], [ 829118.0, 6537461.0 ], [ 828316.0, 6537688.0 ], [ 828573.0, 6538555.0 ], [ 830680.0, 6538156.0 ], [ 831361.0, 6538420.0 ], [ 831675.0, 6537414.0 ], [ 830839.0, 6536627.0 ] ] ] } },
{ "type": "Feature", "properties": { "ID_GEOFLA": 18621, "CODE_COMM": "297", "INSEE_COM": "69297", "NOM_COMM": "TERNAY", "STATUT": "Commune simple", "X_CHF_LIEU": 8411, "Y_CHF_LIEU": 65019, "X_CENTROID": 8408, "Y_CENTROID": 65022, "Z_MOYEN": 204, "SUPERFICIE": 793, "POPULATION": 5.0, "CODE_CANT": "38", "CODE_ARR": "1", "CODE_DEPT": "69", "NOM_DEPT": "RHONE", "CODE_REG": "82", "NOM_REGION": "RHONE-ALPES", "CODGEO": "69297" }, "geometry": { "type": "Polygon", "coordinates": [ [ [ 838557.0, 6500213.0 ], [ 838710.0, 6500557.0 ], [ 839357.0, 6501016.0 ], [ 840210.0, 6502354.0 ], [ 840859.0, 6504220.0 ], [ 840805.0, 6504880.0 ], [ 841745.0, 6504493.0 ], [ 842495.0, 6503377.0 ], [ 841177.0, 6500531.0 ], [ 838557.0, 6500213.0 ] ] ] } },
{ "type": "Feature", "properties": { "ID_GEOFLA": 18623, "CODE_COMM": "158", "INSEE_COM": "69158", "NOM_COMM": "PONT-TRAMBOUZE", "STATUT": "Commune simple", "X_CHF_LIEU": 8016, "Y_CHF_LIEU": 65533, "X_CENTROID": 8014, "Y_CENTROID": 65530, "Z_MOYEN": 496, "SUPERFICIE": 405, "POPULATION": 0.5, "CODE_CANT": "30", "CODE_ARR": "2", "CODE_DEPT": "69", "NOM_DEPT": "RHONE", "CODE_REG": "82", "NOM_REGION": "RHONE-ALPES", "CODGEO": "69158" }, "geometry": { "type": "Polygon", "coordinates": [ [ [ 801585.0, 6551419.0 ], [ 800284.0, 6552344.0 ], [ 800699.0, 6553315.0 ], [ 800573.0, 6554016.0 ], [ 801261.0, 6554389.0 ], [ 802195.0, 6554441.0 ], [ 801955.0, 6554172.0 ], [ 802235.0, 6553945.0 ], [ 802313.0, 6552881.0 ], [ 801918.0, 6551559.0 ], [ 801585.0, 6551419.0 ] ] ] } },
{ "type": "Feature", "properties": { "ID_GEOFLA": 18807, "CODE_COMM": "108", "INSEE_COM": "69108", "NOM_COMM": "LANCIE", "STATUT": "Commune simple", "X_CHF_LIEU": 8322, "Y_CHF_LIEU": 65648, "X_CENTROID": 8331, "Y_CENTROID": 65651, "Z_MOYEN": 207, "SUPERFICIE": 663, "POPULATION": 0.7, "CODE_CANT": "05", "CODE_ARR": "2", "CODE_DEPT": "69", "NOM_DEPT": "RHONE", "CODE_REG": "82", "NOM_REGION": "RHONE-ALPES", "CODGEO": "69108" }, "geometry": { "type": "Polygon", "coordinates": [ [ [ 834880.0, 6564579.0 ], [ 834554.0, 6564759.0 ], [ 833264.0, 6564020.0 ], [ 831467.0, 6564518.0 ], [ 830808.0, 6565203.0 ], [ 832273.0, 6566374.0 ], [ 832997.0, 6566394.0 ], [ 833370.0, 6565860.0 ], [ 835044.0, 6565237.0 ], [ 836011.0, 6565504.0 ], [ 836022.0, 6564733.0 ], [ 834880.0, 6564579.0 ] ] ] } },
{ "type": "Feature", "properties": { "ID_GEOFLA": 18937, "CODE_COMM": "272", "INSEE_COM": "69272", "NOM_COMM": "COMMUNAY", "STATUT": "Commune simple", "X_CHF_LIEU": 8430, "Y_CHF_LIEU": 65022, "X_CENTROID": 8433, "Y_CENTROID": 65015, "Z_MOYEN": 258, "SUPERFICIE": 1041, "POPULATION": 3.9, "CODE_CANT": "38", "CODE_ARR": "1", "CODE_DEPT": "69", "NOM_DEPT": "RHONE", "CODE_REG": "82", "NOM_REGION": "RHONE-ALPES", "CODGEO": "69272" }, "geometry": { "type": "Polygon", "coordinates": [ [ [ 844857.0, 6499150.0 ], [ 844151.0, 6499511.0 ], [ 842563.0, 6500342.0 ], [ 841177.0, 6500531.0 ], [ 842495.0, 6503377.0 ], [ 843528.0, 6503848.0 ], [ 844427.0, 6503175.0 ], [ 844478.0, 6501289.0 ], [ 844991.0, 6500743.0 ], [ 844857.0, 6499150.0 ] ] ] } },
{ "type": "Feature", "properties": { "ID_GEOFLA": 18938, "CODE_COMM": "074", "INSEE_COM": "69074", "NOM_COMM": "DENICE", "STATUT": "Commune simple", "X_CHF_LIEU": 8273, "Y_CHF_LIEU": 65459, "X_CENTROID": 8277, "Y_CENTROID": 65463, "Z_MOYEN": 286, "SUPERFICIE": 946, "POPULATION": 1.3, "CODE_CANT": "53", "CODE_ARR": "2", "CODE_DEPT": "69", "NOM_DEPT": "RHONE", "CODE_REG": "82", "NOM_REGION": "RHONE-ALPES", "CODGEO": "69074" }, "geometry": { "type": "Polygon", "coordinates": [ [ [ 826600.0, 6545016.0 ], [ 825905.0, 6545542.0 ], [ 825240.0, 6546721.0 ], [ 825924.0, 6546754.0 ], [ 826001.0, 6547449.0 ], [ 829259.0, 6547556.0 ], [ 829932.0, 6546197.0 ], [ 830058.0, 6545491.0 ], [ 829786.0, 6545235.0 ], [ 828313.0, 6545042.0 ], [ 827450.0, 6545478.0 ], [ 826600.0, 6545016.0 ] ] ] } },
{ "type": "Feature", "properties": { "ID_GEOFLA": 18939, "CODE_COMM": "069", "INSEE_COM": "69069", "NOM_COMM": "CRAPONNE", "STATUT": "Commune simple", "X_CHF_LIEU": 8339, "Y_CHF_LIEU": 65176, "X_CENTROID": 8342, "Y_CENTROID": 65177, "Z_MOYEN": 270, "SUPERFICIE": 468, "POPULATION": 8.7, "CODE_CANT": "31", "CODE_ARR": "1", "CODE_DEPT": "69", "NOM_DEPT": "RHONE", "CODE_REG": "82", "NOM_REGION": "RHONE-ALPES", "CODGEO": "69069" }, "geometry": { "type": "Polygon", "coordinates": [ [ [ 833121.0, 6516535.0 ], [ 832814.0, 6517147.0 ], [ 832868.0, 6518160.0 ], [ 833393.0, 6518601.0 ], [ 834121.0, 6518421.0 ], [ 835553.0, 6518832.0 ], [ 835580.0, 6518483.0 ], [ 836223.0, 6518247.0 ], [ 834327.0, 6516825.0 ], [ 833121.0, 6516535.0 ] ] ] } },
{ "type": "Feature", "properties": { "ID_GEOFLA": 18940, "CODE_COMM": "041", "INSEE_COM": "69041", "NOM_COMM": "LA CHAPELLE-DE-MARDORE", "STATUT": "Commune simple", "X_CHF_LIEU": 8047, "Y_CHF_LIEU": 65511, "X_CENTROID": 8050, "Y_CENTROID": 65509, "Z_MOYEN": 614, "SUPERFICIE": 577, "POPULATION": 0.2, "CODE_CANT": "30", "CODE_ARR": "2", "CODE_DEPT": "69", "NOM_DEPT": "RHONE", "CODE_REG": "82", "NOM_REGION": "RHONE-ALPES", "CODGEO": "69041" }, "geometry": { "type": "Polygon", "coordinates": [ [ [ 804912.0, 6549063.0 ], [ 804625.0, 6550061.0 ], [ 803538.0, 6550134.0 ], [ 804430.0, 6552108.0 ], [ 805812.0, 6553237.0 ], [ 805863.0, 6549859.0 ], [ 805919.0, 6549157.0 ], [ 804912.0, 6549063.0 ] ] ] } },
{ "type": "Feature", "properties": { "ID_GEOFLA": 19146, "CODE_COMM": "084", "INSEE_COM": "69084", "NOM_COMM": "FLEURIE", "STATUT": "Commune simple", "X_CHF_LIEU": 8309, "Y_CHF_LIEU": 65672, "X_CENTROID": 8304, "Y_CENTROID": 65675, "Z_MOYEN": 338, "SUPERFICIE": 1383, "POPULATION": 1.2, "CODE_CANT": "04", "CODE_ARR": "2", "CODE_DEPT": "69", "NOM_DEPT": "RHONE", "CODE_REG": "82", "NOM_REGION": "RHONE-ALPES", "CODGEO": "69084" }, "geometry": { "type": "Polygon", "coordinates": [ [ [ 830808.0, 6565203.0 ], [ 829622.0, 6565523.0 ], [ 828481.0, 6567641.0 ], [ 828420.0, 6569112.0 ], [ 829100.0, 6569959.0 ], [ 829721.0, 6569494.0 ], [ 830820.0, 6569485.0 ], [ 832744.0, 6567780.0 ], [ 832997.0, 6566394.0 ], [ 832273.0, 6566374.0 ], [ 830808.0, 6565203.0 ] ] ] } },
{ "type": "Feature", "properties": { "ID_GEOFLA": 19177, "CODE_COMM": "182", "INSEE_COM": "69182", "NOM_COMM": "SAINT-BONNET-DES-BRUYERES", "STATUT": "Commune simple", "X_CHF_LIEU": 8131, "Y_CHF_LIEU": 65756, "X_CENTROID": 8133, "Y_CENTROID": 65750, "Z_MOYEN": 579, "SUPERFICIE": 2121, "POPULATION": 0.4, "CODE_CANT": "23", "CODE_ARR": "2", "CODE_DEPT": "69", "NOM_DEPT": "RHONE", "CODE_REG": "82", "NOM_REGION": "RHONE-ALPES", "CODGEO": "69182" }, "geometry": { "type": "Polygon", "coordinates": [ [ [ 814418.0, 6571827.0 ], [ 812835.0, 6572963.0 ], [ 811370.0, 6573555.0 ], [ 810382.0, 6574774.0 ], [ 810793.0, 6575387.0 ], [ 812132.0, 6575928.0 ], [ 812166.0, 6576299.0 ], [ 810804.0, 6578028.0 ], [ 812229.0, 6578358.0 ], [ 813591.0, 6577118.0 ], [ 814587.0, 6577536.0 ], [ 815826.0, 6575243.0 ], [ 816327.0, 6574305.0 ], [ 815408.0, 6573762.0 ], [ 815265.0, 6572675.0 ], [ 814678.0, 6572415.0 ], [ 814418.0, 6571827.0 ] ] ] } },
{ "type": "Feature", "properties": { "ID_GEOFLA": 19246, "CODE_COMM": "130", "INSEE_COM": "69130", "NOM_COMM": "MEAUX-LA-MONTAGNE", "STATUT": "Commune simple", "X_CHF_LIEU": 8096, "Y_CHF_LIEU": 65503, "X_CENTROID": 8099, "Y_CENTROID": 65505, "Z_MOYEN": 656, "SUPERFICIE": 915, "POPULATION": 0.2, "CODE_CANT": "01", "CODE_ARR": "2", "CODE_DEPT": "69", "NOM_DEPT": "RHONE", "CODE_REG": "82", "NOM_REGION": "RHONE-ALPES", "CODGEO": "69130" }, "geometry": { "type": "Polygon", "coordinates": [ [ [ 810133.0, 6548474.0 ], [ 808725.0, 6549626.0 ], [ 808362.0, 6549612.0 ], [ 807888.0, 6550591.0 ], [ 807969.0, 6551305.0 ], [ 811415.0, 6552305.0 ], [ 811998.0, 6551650.0 ], [ 811189.0, 6550387.0 ], [ 811188.0, 6549608.0 ], [ 810133.0, 6548474.0 ] ] ] } },
{ "type": "Feature", "properties": { "ID_GEOFLA": 19247, "CODE_COMM": "111", "INSEE_COM": "69111", "NOM_COMM": "LEGNY", "STATUT": "Commune simple", "X_CHF_LIEU": 8227, "Y_CHF_LIEU": 65355, "X_CENTROID": 8220, "Y_CENTROID": 65350, "Z_MOYEN": 290, "SUPERFICIE": 407, "POPULATION": 0.5, "CODE_CANT": "06", "CODE_ARR": "2", "CODE_DEPT": "69", "NOM_DEPT": "RHONE", "CODE_REG": "82", "NOM_REGION": "RHONE-ALPES", "CODGEO": "69111" }, "geometry": { "type": "Polygon", "coordinates": [ [ [ 821755.0, 6534057.0 ], [ 821120.0, 6534086.0 ], [ 820781.0, 6534635.0 ], [ 820655.0, 6535219.0 ], [ 821034.0, 6535652.0 ], [ 823210.0, 6536045.0 ], [ 823432.0, 6534967.0 ], [ 821755.0, 6534057.0 ] ] ] } },
{ "type": "Feature", "properties": { "ID_GEOFLA": 19358, "CODE_COMM": "206", "INSEE_COM": "69206", "NOM_COMM": "SAINT-GEORGES-DE-RENEINS", "STATUT": "Commune simple", "X_CHF_LIEU": 8330, "Y_CHF_LIEU": 65527, "X_CENTROID": 8330, "Y_CENTROID": 65523, "Z_MOYEN": 184, "SUPERFICIE": 2733, "POPULATION": 4.1, "CODE_CANT": "05", "CODE_ARR": "2", "CODE_DEPT": "69", "NOM_DEPT": "RHONE", "CODE_REG": "82", "NOM_REGION": "RHONE-ALPES", "CODGEO": "69206" }, "geometry": { "type": "Polygon", "coordinates": [ [ [ 835081.0, 6548960.0 ], [ 833956.0, 6549007.0 ], [ 832271.0, 6550219.0 ], [ 831521.0, 6550200.0 ], [ 830160.0, 6549567.0 ], [ 829638.0, 6549796.0 ], [ 829254.0, 6551123.0 ], [ 830125.0, 6551874.0 ], [ 830021.0, 6552561.0 ], [ 831131.0, 6552861.0 ], [ 832120.0, 6554419.0 ], [ 832403.0, 6555527.0 ], [ 833077.0, 6555912.0 ], [ 835193.0, 6555124.0 ], [ 835716.0, 6554753.0 ], [ 836169.0, 6553482.0 ], [ 835978.0, 6552785.0 ], [ 834507.0, 6551229.0 ], [ 835004.0, 6549880.0 ], [ 835081.0, 6548960.0 ] ] ] } },
{ "type": "Feature", "properties": { "ID_GEOFLA": 19363, "CODE_COMM": "139", "INSEE_COM": "69139", "NOM_COMM": "MONTROTTIER", "STATUT": "Commune simple", "X_CHF_LIEU": 8139, "Y_CHF_LIEU": 65222, "X_CENTROID": 8136, "Y_CENTROID": 65233, "Z_MOYEN": 638, "SUPERFICIE": 2292, "POPULATION": 1.4, "CODE_CANT": "27", "CODE_ARR": "1", "CODE_DEPT": "69", "NOM_DEPT": "RHONE", "CODE_REG": "82", "NOM_REGION": "RHONE-ALPES", "CODGEO": "69139" }, "geometry": { "type": "Polygon", "coordinates": [ [ [ 813464.0, 6519535.0 ], [ 812208.0, 6521446.0 ], [ 812277.0, 6522604.0 ], [ 811735.0, 6523632.0 ], [ 811156.0, 6525757.0 ], [ 811819.0, 6527043.0 ], [ 812510.0, 6527298.0 ], [ 813066.0, 6526359.0 ], [ 814582.0, 6525316.0 ], [ 814929.0, 6524648.0 ], [ 816130.0, 6523748.0 ], [ 816528.0, 6522677.0 ], [ 816578.0, 6522299.0 ], [ 815458.0, 6520802.0 ], [ 814801.0, 6520881.0 ], [ 813464.0, 6519535.0 ] ] ] } },
{ "type": "Feature", "properties": { "ID_GEOFLA": 19619, "CODE_COMM": "160", "INSEE_COM": "69160", "NOM_COMM": "POULE-LES-ECHARMEAUX", "STATUT": "Commune simple", "X_CHF_LIEU": 8124, "Y_CHF_LIEU": 65620, "X_CENTROID": 8127, "Y_CENTROID": 65613, "Z_MOYEN": 651, "SUPERFICIE": 3128, "POPULATION": 1.0, "CODE_CANT": "09", "CODE_ARR": "2", "CODE_DEPT": "69", "NOM_DEPT": "RHONE", "CODE_REG": "82", "NOM_REGION": "RHONE-ALPES", "CODGEO": "69160" }, "geometry": { "type": "Polygon", "coordinates": [ [ [ 813300.0, 6558353.0 ], [ 813176.0, 6557655.0 ], [ 812276.0, 6558217.0 ], [ 810548.0, 6558507.0 ], [ 809416.0, 6560550.0 ], [ 809872.0, 6562276.0 ], [ 810443.0, 6562751.0 ], [ 810991.0, 6564128.0 ], [ 813254.0, 6565867.0 ], [ 814307.0, 6563383.0 ], [ 814449.0, 6562234.0 ], [ 814953.0, 6561664.0 ], [ 815705.0, 6561575.0 ], [ 817557.0, 6559601.0 ], [ 816865.0, 6559224.0 ], [ 814930.0, 6559574.0 ], [ 813777.0, 6559310.0 ], [ 813429.0, 6559123.0 ], [ 813300.0, 6558353.0 ] ] ] } },
{ "type": "Feature", "properties": { "ID_GEOFLA": 19717, "CODE_COMM": "113", "INSEE_COM": "69113", "NOM_COMM": "LETRA", "STATUT": "Commune simple", "X_CHF_LIEU": 8180, "Y_CHF_LIEU": 65414, "X_CENTROID": 8181, "Y_CENTROID": 65424, "Z_MOYEN": 449, "SUPERFICIE": 1470, "POPULATION": 0.8, "CODE_CANT": "06", "CODE_ARR": "2", "CODE_DEPT": "69", "NOM_DEPT": "RHONE", "CODE_REG": "82", "NOM_REGION": "RHONE-ALPES", "CODGEO": "69113" }, "geometry": { "type": "Polygon", "coordinates": [ [ [ 819977.0, 6542255.0 ], [ 819498.0, 6541220.0 ], [ 818409.0, 6540160.0 ], [ 817816.0, 6540635.0 ], [ 815623.0, 6540412.0 ], [ 814862.0, 6541200.0 ], [ 814748.0, 6541296.0 ], [ 817370.0, 6542951.0 ], [ 818464.0, 6544562.0 ], [ 818948.0, 6545641.0 ], [ 818810.0, 6546012.0 ], [ 819674.0, 6545480.0 ], [ 819920.0, 6545518.0 ], [ 820312.0, 6542927.0 ], [ 819977.0, 6542255.0 ] ] ] } },
{ "type": "Feature", "properties": { "ID_GEOFLA": 19729, "CODE_COMM": "239", "INSEE_COM": "69239", "NOM_COMM": "SAINT-VERAND", "STATUT": "Commune simple", "X_CHF_LIEU": 8183, "Y_CHF_LIEU": 65366, "X_CENTROID": 8177, "Y_CENTROID": 65369, "Z_MOYEN": 404, "SUPERFICIE": 1746, "POPULATION": 1.1, "CODE_CANT": "06", "CODE_ARR": "2", "CODE_DEPT": "69", "NOM_DEPT": "RHONE", "CODE_REG": "82", "NOM_REGION": "RHONE-ALPES", "CODGEO": "69239" }, "geometry": { "type": "Polygon", "coordinates": [ [ [ 820781.0, 6534635.0 ], [ 818774.0, 6534832.0 ], [ 818302.0, 6535046.0 ], [ 815836.0, 6535956.0 ], [ 814617.0, 6538864.0 ], [ 814838.0, 6539581.0 ], [ 819157.0, 6538081.0 ], [ 820309.0, 6536727.0 ], [ 821019.0, 6536821.0 ], [ 820662.0, 6536241.0 ], [ 821034.0, 6535652.0 ], [ 820655.0, 6535219.0 ], [ 820781.0, 6534635.0 ] ] ] } },
{ "type": "Feature", "properties": { "ID_GEOFLA": 19812, "CODE_COMM": "260", "INSEE_COM": "69260", "NOM_COMM": "VERNAISON", "STATUT": "Commune simple", "X_CHF_LIEU": 8410, "Y_CHF_LIEU": 65069, "X_CENTROID": 8409, "Y_CENTROID": 65071, "Z_MOYEN": 205, "SUPERFICIE": 410, "POPULATION": 4.4, "CODE_CANT": "48", "CODE_ARR": "1", "CODE_DEPT": "69", "NOM_DEPT": "RHONE", "CODE_REG": "82", "NOM_REGION": "RHONE-ALPES", "CODGEO": "69260" }, "geometry": { "type": "Polygon", "coordinates": [ [ [ 840835.0, 6505459.0 ], [ 840352.0, 6505393.0 ], [ 839898.0, 6505752.0 ], [ 840381.0, 6506309.0 ], [ 839976.0, 6507782.0 ], [ 840370.0, 6508425.0 ], [ 840724.0, 6508558.0 ], [ 842397.0, 6507704.0 ], [ 841137.0, 6506376.0 ], [ 840891.0, 6505658.0 ], [ 840835.0, 6505459.0 ] ] ] } },
{ "type": "Feature", "properties": { "ID_GEOFLA": 20026, "CODE_COMM": "235", "INSEE_COM": "69235", "NOM_COMM": "SAINT-ROMAIN-EN-GAL", "STATUT": "Commune simple", "X_CHF_LIEU": 8453, "Y_CHF_LIEU": 64942, "X_CENTROID": 8425, "Y_CENTROID": 64945, "Z_MOYEN": 305, "SUPERFICIE": 1354, "POPULATION": 1.6, "CODE_CANT": "07", "CODE_ARR": "1", "CODE_DEPT": "69", "NOM_DEPT": "RHONE", "CODE_REG": "82", "NOM_REGION": "RHONE-ALPES", "CODGEO": "69235" }, "geometry": { "type": "Polygon", "coordinates": [ [ [ 844038.0, 6493332.0 ], [ 843782.0, 6493056.0 ], [ 841910.0, 6493038.0 ], [ 839697.0, 6493365.0 ], [ 839598.0, 6493425.0 ], [ 840945.0, 6496054.0 ], [ 842027.0, 6497086.0 ], [ 843298.0, 6495592.0 ], [ 845711.0, 6494680.0 ], [ 846161.0, 6494114.0 ], [ 846095.0, 6493749.0 ], [ 844809.0, 6494062.0 ], [ 844038.0, 6493332.0 ] ] ] } },
{ "type": "Feature", "properties": { "ID_GEOFLA": 20165, "CODE_COMM": "023", "INSEE_COM": "69023", "NOM_COMM": "BLACE", "STATUT": "Commune simple", "X_CHF_LIEU": 8271, "Y_CHF_LIEU": 65492, "X_CENTROID": 8264, "Y_CENTROID": 65496, "Z_MOYEN": 358, "SUPERFICIE": 1109, "POPULATION": 1.3, "CODE_CANT": "53", "CODE_ARR": "2", "CODE_DEPT": "69", "NOM_DEPT": "RHONE", "CODE_REG": "82", "NOM_REGION": "RHONE-ALPES", "CODGEO": "69023" }, "geometry": { "type": "Polygon", "coordinates": [ [ [ 824715.0, 6547805.0 ], [ 824184.0, 6548348.0 ], [ 823048.0, 6548401.0 ], [ 822593.0, 6549006.0 ], [ 822785.0, 6549335.0 ], [ 822994.0, 6549653.0 ], [ 825243.0, 6549914.0 ], [ 825374.0, 6549560.0 ], [ 826859.0, 6549786.0 ], [ 827277.0, 6551175.0 ], [ 828051.0, 6551824.0 ], [ 829254.0, 6551123.0 ], [ 829638.0, 6549796.0 ], [ 829434.0, 6549472.0 ], [ 826197.0, 6548473.0 ], [ 825476.0, 6548662.0 ], [ 824715.0, 6547805.0 ] ] ] } },
{ "type": "Feature", "properties": { "ID_GEOFLA": 20194, "CODE_COMM": "219", "INSEE_COM": "69219", "NOM_COMM": "SAINT-LAURENT-D'AGNY", "STATUT": "Commune simple", "X_CHF_LIEU": 8312, "Y_CHF_LIEU": 65060, "X_CENTROID": 8311, "Y_CENTROID": 65061, "Z_MOYEN": 400, "SUPERFICIE": 1057, "POPULATION": 2.0, "CODE_CANT": "24", "CODE_ARR": "1", "CODE_DEPT": "69", "NOM_DEPT": "RHONE", "CODE_REG": "82", "NOM_REGION": "RHONE-ALPES", "CODGEO": "69219" }, "geometry": { "type": "Polygon", "coordinates": [ [ [ 833270.0, 6503575.0 ], [ 832134.0, 6504620.0 ], [ 830599.0, 6504771.0 ], [ 828906.0, 6506180.0 ], [ 829188.0, 6506805.0 ], [ 828781.0, 6507355.0 ], [ 830266.0, 6507641.0 ], [ 831578.0, 6508381.0 ], [ 832909.0, 6506336.0 ], [ 832880.0, 6505164.0 ], [ 833396.0, 6503694.0 ], [ 833270.0, 6503575.0 ] ] ] } },
{ "type": "Feature", "properties": { "ID_GEOFLA": 20243, "CODE_COMM": "138", "INSEE_COM": "69138", "NOM_COMM": "MONTROMANT", "STATUT": "Commune simple", "X_CHF_LIEU": 8186, "Y_CHF_LIEU": 65132, "X_CENTROID": 8194, "Y_CENTROID": 65135, "Z_MOYEN": 665, "SUPERFICIE": 1117, "POPULATION": 0.4, "CODE_CANT": "27", "CODE_ARR": "1", "CODE_DEPT": "69", "NOM_DEPT": "RHONE", "CODE_REG": "82", "NOM_REGION": "RHONE-ALPES", "CODGEO": "69138" }, "geometry": { "type": "Polygon", "coordinates": [ [ [ 817547.0, 6511553.0 ], [ 817128.0, 6514065.0 ], [ 818300.0, 6515498.0 ], [ 819079.0, 6514670.0 ], [ 819813.0, 6514777.0 ], [ 821185.0, 6514180.0 ], [ 821829.0, 6514523.0 ], [ 822413.0, 6513726.0 ], [ 821657.0, 6512602.0 ], [ 821331.0, 6512773.0 ], [ 820430.0, 6512182.0 ], [ 819718.0, 6512069.0 ], [ 818435.0, 6512689.0 ], [ 817547.0, 6511553.0 ] ] ] } },
{ "type": "Feature", "properties": { "ID_GEOFLA": 20244, "CODE_COMM": "147", "INSEE_COM": "69147", "NOM_COMM": "LES OLMES", "STATUT": "Commune simple", "X_CHF_LIEU": 8176, "Y_CHF_LIEU": 65326, "X_CENTROID": 8181, "Y_CENTROID": 65327, "Z_MOYEN": 359, "SUPERFICIE": 274, "POPULATION": 0.7, "CODE_CANT": "29", "CODE_ARR": "2", "CODE_DEPT": "69", "NOM_DEPT": "RHONE", "CODE_REG": "82", "NOM_REGION": "RHONE-ALPES", "CODGEO": "69147" }, "geometry": { "type": "Polygon", "coordinates": [ [ [ 819315.0, 6531975.0 ], [ 817761.0, 6531998.0 ], [ 816713.0, 6532787.0 ], [ 816911.0, 6533049.0 ], [ 818940.0, 6533706.0 ], [ 819315.0, 6531975.0 ] ] ] } },
{ "type": "Feature", "properties": { "ID_GEOFLA": 20590, "CODE_COMM": "144", "INSEE_COM": "69144", "NOM_COMM": "NUELLES", "STATUT": "Commune simple", "X_CHF_LIEU": 8261, "Y_CHF_LIEU": 65288, "X_CENTROID": 8262, "Y_CENTROID": 65289, "Z_MOYEN": 263, "SUPERFICIE": 206, "POPULATION": 0.6, "CODE_CANT": "03", "CODE_ARR": "1", "CODE_DEPT": "69", "NOM_DEPT": "RHONE", "CODE_REG": "82", "NOM_REGION": "RHONE-ALPES", "CODGEO": "69144" }, "geometry": { "type": "Polygon", "coordinates": [ [ [ 826020.0, 6528001.0 ], [ 825783.0, 6528378.0 ], [ 825503.0, 6529001.0 ], [ 826263.0, 6530142.0 ], [ 827035.0, 6528692.0 ], [ 826720.0, 6528073.0 ], [ 826020.0, 6528001.0 ] ] ] } },
{ "type": "Feature", "properties": { "ID_GEOFLA": 20591, "CODE_COMM": "013", "INSEE_COM": "69013", "NOM_COMM": "ARNAS", "STATUT": "Commune simple", "X_CHF_LIEU": 8321, "Y_CHF_LIEU": 65485, "X_CENTROID": 8323, "Y_CENTROID": 65479, "Z_MOYEN": 191, "SUPERFICIE": 1776, "POPULATION": 3.2, "CODE_CANT": "53", "CODE_ARR": "2", "CODE_DEPT": "69", "NOM_DEPT": "RHONE", "CODE_REG": "82", "NOM_REGION": "RHONE-ALPES", "CODGEO": "69013" }, "geometry": { "type": "Polygon", "coordinates": [ [ [ 833042.0, 6545890.0 ], [ 832843.0, 6546973.0 ], [ 829932.0, 6546197.0 ], [ 829259.0, 6547556.0 ], [ 830066.0, 6548814.0 ], [ 830160.0, 6549567.0 ], [ 831521.0, 6550200.0 ], [ 832271.0, 6550219.0 ], [ 833956.0, 6549007.0 ], [ 835081.0, 6548960.0 ], [ 834908.0, 6548219.0 ], [ 835339.0, 6546390.0 ], [ 835303.0, 6546281.0 ], [ 833042.0, 6545890.0 ] ] ] } },
{ "type": "Feature", "properties": { "ID_GEOFLA": 20592, "CODE_COMM": "100", "INSEE_COM": "69100", "NOM_COMM": "IRIGNY", "STATUT": "Chef-lieu canton", "X_CHF_LIEU": 8418, "Y_CHF_LIEU": 65098, "X_CENTROID": 8415, "Y_CENTROID": 65099, "Z_MOYEN": 217, "SUPERFICIE": 889, "POPULATION": 8.3, "CODE_CANT": "48", "CODE_ARR": "1", "CODE_DEPT": "69", "NOM_DEPT": "RHONE", "CODE_REG": "82", "NOM_REGION": "RHONE-ALPES", "CODGEO": "69100" }, "geometry": { "type": "Polygon", "coordinates": [ [ [ 842397.0, 6507704.0 ], [ 840724.0, 6508558.0 ], [ 840370.0, 6508425.0 ], [ 840387.0, 6509042.0 ], [ 839755.0, 6509225.0 ], [ 839516.0, 6508992.0 ], [ 839551.0, 6509734.0 ], [ 841442.0, 6511594.0 ], [ 841667.0, 6512301.0 ], [ 843043.0, 6511890.0 ], [ 842893.0, 6511361.0 ], [ 842489.0, 6508447.0 ], [ 842397.0, 6507704.0 ] ] ] } },
{ "type": "Feature", "properties": { "ID_GEOFLA": 20929, "CODE_COMM": "179", "INSEE_COM": "69179", "NOM_COMM": "SAINT-ANDEOL-LE-CHATEAU", "STATUT": "Commune simple", "X_CHF_LIEU": 8321, "Y_CHF_LIEU": 64999, "X_CENTROID": 8321, "Y_CENTROID": 65003, "Z_MOYEN": 315, "SUPERFICIE": 990, "POPULATION": 1.5, "CODE_CANT": "08", "CODE_ARR": "1", "CODE_DEPT": "69", "NOM_DEPT": "RHONE", "CODE_REG": "82", "NOM_REGION": "RHONE-ALPES", "CODGEO": "69179" }, "geometry": { "type": "Polygon", "coordinates": [ [ [ 833573.0, 6498632.0 ], [ 832929.0, 6498373.0 ], [ 831496.0, 6498835.0 ], [ 829859.0, 6500158.0 ], [ 831487.0, 6501779.0 ], [ 832968.0, 6502144.0 ], [ 833612.0, 6501844.0 ], [ 834092.0, 6500896.0 ], [ 833342.0, 6500131.0 ], [ 833573.0, 6498632.0 ] ] ] } },
{ "type": "Feature", "properties": { "ID_GEOFLA": 20930, "CODE_COMM": "047", "INSEE_COM": "69047", "NOM_COMM": "CHARNAY", "STATUT": "Commune simple", "X_CHF_LIEU": 8294, "Y_CHF_LIEU": 65336, "X_CENTROID": 8287, "Y_CENTROID": 65337, "Z_MOYEN": 348, "SUPERFICIE": 729, "POPULATION": 1.1, "CODE_CANT": "02", "CODE_ARR": "2", "CODE_DEPT": "69", "NOM_DEPT": "RHONE", "CODE_REG": "82", "NOM_REGION": "RHONE-ALPES", "CODGEO": "69047" }, "geometry": { "type": "Polygon", "coordinates": [ [ [ 828772.0, 6531097.0 ], [ 828483.0, 6531313.0 ], [ 828238.0, 6532733.0 ], [ 827522.0, 6533541.0 ], [ 827617.0, 6534257.0 ], [ 827651.0, 6535371.0 ], [ 827759.0, 6535634.0 ], [ 829470.0, 6535335.0 ], [ 829887.0, 6535127.0 ], [ 829802.0, 6532739.0 ], [ 829530.0, 6532057.0 ], [ 829189.0, 6532015.0 ], [ 828772.0, 6531097.0 ] ] ] } },
{ "type": "Feature", "properties": { "ID_GEOFLA": 20931, "CODE_COMM": "094", "INSEE_COM": "69094", "NOM_COMM": "GREZIEU-LA-VARENNE", "STATUT": "Commune simple", "X_CHF_LIEU": 8314, "Y_CHF_LIEU": 65178, "X_CENTROID": 8313, "Y_CENTROID": 65178, "Z_MOYEN": 331, "SUPERFICIE": 750, "POPULATION": 4.8, "CODE_CANT": "31", "CODE_ARR": "1", "CODE_DEPT": "69", "NOM_DEPT": "RHONE", "CODE_REG": "82", "NOM_REGION": "RHONE-ALPES", "CODGEO": "69094" }, "geometry": { "type": "Polygon", "coordinates": [ [ [ 832079.0, 6516224.0 ], [ 829585.0, 6517790.0 ], [ 828501.0, 6517608.0 ], [ 827787.0, 6517830.0 ], [ 829447.0, 6518618.0 ], [ 831705.0, 6518676.0 ], [ 831937.0, 6518979.0 ], [ 831645.0, 6519226.0 ], [ 832605.0, 6519337.0 ], [ 833199.0, 6519159.0 ], [ 833393.0, 6518601.0 ], [ 832868.0, 6518160.0 ], [ 832814.0, 6517147.0 ], [ 833121.0, 6516535.0 ], [ 832079.0, 6516224.0 ] ] ] } },
{ "type": "Feature", "properties": { "ID_GEOFLA": 21254, "CODE_COMM": "173", "INSEE_COM": "69173", "NOM_COMM": "SARCEY", "STATUT": "Commune simple", "X_CHF_LIEU": 8209, "Y_CHF_LIEU": 65322, "X_CENTROID": 8205, "Y_CENTROID": 65328, "Z_MOYEN": 344, "SUPERFICIE": 1006, "POPULATION": 0.8, "CODE_CANT": "03", "CODE_ARR": "1", "CODE_DEPT": "69", "NOM_DEPT": "RHONE", "CODE_REG": "82", "NOM_REGION": "RHONE-ALPES", "CODGEO": "69173" }, "geometry": { "type": "Polygon", "coordinates": [ [ [ 820317.0, 6530627.0 ], [ 819315.0, 6531975.0 ], [ 818940.0, 6533706.0 ], [ 818774.0, 6534832.0 ], [ 820781.0, 6534635.0 ], [ 821120.0, 6534086.0 ], [ 821755.0, 6534057.0 ], [ 822789.0, 6532300.0 ], [ 822643.0, 6531937.0 ], [ 821876.0, 6531785.0 ], [ 820317.0, 6530627.0 ] ] ] } },
{ "type": "Feature", "properties": { "ID_GEOFLA": 21255, "CODE_COMM": "129", "INSEE_COM": "69129", "NOM_COMM": "MARNAND", "STATUT": "Commune simple", "X_CHF_LIEU": 8027, "Y_CHF_LIEU": 65492, "X_CENTROID": 8028, "Y_CENTROID": 65489, "Z_MOYEN": 581, "SUPERFICIE": 878, "POPULATION": 0.6, "CODE_CANT": "30", "CODE_ARR": "2", "CODE_DEPT": "69", "NOM_DEPT": "RHONE", "CODE_REG": "82", "NOM_REGION": "RHONE-ALPES", "CODGEO": "69129" }, "geometry": { "type": "Polygon", "coordinates": [ [ [ 801391.0, 6546205.0 ], [ 801019.0, 6547707.0 ], [ 801782.0, 6547640.0 ], [ 802175.0, 6548303.0 ], [ 802196.0, 6549079.0 ], [ 801438.0, 6549917.0 ], [ 801468.0, 6550594.0 ], [ 801883.0, 6551137.0 ], [ 803538.0, 6550134.0 ], [ 804625.0, 6550061.0 ], [ 804912.0, 6549063.0 ], [ 804711.0, 6548345.0 ], [ 803984.0, 6548511.0 ], [ 803356.0, 6547258.0 ], [ 802311.0, 6547326.0 ], [ 801391.0, 6546205.0 ] ] ] } },
{ "type": "Feature", "properties": { "ID_GEOFLA": 21468, "CODE_COMM": "288", "INSEE_COM": "69288", "NOM_COMM": "SAINT-LAURENT-DE-MURE", "STATUT": "Commune simple", "X_CHF_LIEU": 8591, "Y_CHF_LIEU": 65116, "X_CENTROID": 8603, "Y_CENTROID": 65114, "Z_MOYEN": 258, "SUPERFICIE": 1881, "POPULATION": 4.9, "CODE_CANT": "37", "CODE_ARR": "1", "CODE_DEPT": "69", "NOM_DEPT": "RHONE", "CODE_REG": "82", "NOM_REGION": "RHONE-ALPES", "CODGEO": "69288" }, "geometry": { "type": "Polygon", "coordinates": [ [ [ 859931.0, 6508803.0 ], [ 857741.0, 6509711.0 ], [ 856558.0, 6509826.0 ], [ 858091.0, 6511056.0 ], [ 858787.0, 6512847.0 ], [ 860281.0, 6514115.0 ], [ 861667.0, 6512908.0 ], [ 862747.0, 6512823.0 ], [ 863730.0, 6513151.0 ], [ 863977.0, 6512038.0 ], [ 862616.0, 6510778.0 ], [ 861868.0, 6510639.0 ], [ 859931.0, 6508803.0 ] ] ] } },
{ "type": "Feature", "properties": { "ID_GEOFLA": 21487, "CODE_COMM": "019", "INSEE_COM": "69019", "NOM_COMM": "BELLEVILLE", "STATUT": "Chef-lieu canton", "X_CHF_LIEU": 8350, "Y_CHF_LIEU": 65580, "X_CENTROID": 8337, "Y_CENTROID": 65572, "Z_MOYEN": 183, "SUPERFICIE": 1042, "POPULATION": 7.3, "CODE_CANT": "05", "CODE_ARR": "2", "CODE_DEPT": "69", "NOM_DEPT": "RHONE", "CODE_REG": "82", "NOM_REGION": "RHONE-ALPES", "CODGEO": "69019" }, "geometry": { "type": "Polygon", "coordinates": [ [ [ 835193.0, 6555124.0 ], [ 833077.0, 6555912.0 ], [ 832233.0, 6557008.0 ], [ 831200.0, 6557212.0 ], [ 830889.0, 6558273.0 ], [ 832290.0, 6558738.0 ], [ 835146.0, 6558352.0 ], [ 836485.0, 6557831.0 ], [ 835965.0, 6557166.0 ], [ 835049.0, 6556114.0 ], [ 835193.0, 6555124.0 ] ] ] } },
{ "type": "Feature", "properties": { "ID_GEOFLA": 21617, "CODE_COMM": "181", "INSEE_COM": "69181", "NOM_COMM": "SAINT-APPOLINAIRE", "STATUT": "Commune simple", "X_CHF_LIEU": 8101, "Y_CHF_LIEU": 65428, "X_CENTROID": 8104, "Y_CENTROID": 65429, "Z_MOYEN": 739, "SUPERFICIE": 570, "POPULATION": 0.2, "CODE_CANT": "29", "CODE_ARR": "2", "CODE_DEPT": "69", "NOM_DEPT": "RHONE", "CODE_REG": "82", "NOM_REGION": "RHONE-ALPES", "CODGEO": "69181" }, "geometry": { "type": "Polygon", "coordinates": [ [ [ 810990.0, 6541707.0 ], [ 810034.0, 6542014.0 ], [ 809389.0, 6541767.0 ], [ 809022.0, 6542393.0 ], [ 809823.0, 6544350.0 ], [ 810561.0, 6544292.0 ], [ 812021.0, 6543132.0 ], [ 811542.0, 6542091.0 ], [ 810990.0, 6541707.0 ] ] ] } },
{ "type": "Feature", "properties": { "ID_GEOFLA": 21618, "CODE_COMM": "098", "INSEE_COM": "69098", "NOM_COMM": "LES HALLES", "STATUT": "Commune simple", "X_CHF_LIEU": 8114, "Y_CHF_LIEU": 65142, "X_CENTROID": 8116, "Y_CENTROID": 65139, "Z_MOYEN": 590, "SUPERFICIE": 306, "POPULATION": 0.5, "CODE_CANT": "27", "CODE_ARR": "1", "CODE_DEPT": "69", "NOM_DEPT": "RHONE", "CODE_REG": "82", "NOM_REGION": "RHONE-ALPES", "CODGEO": "69098" }, "geometry": { "type": "Polygon", "coordinates": [ [ [ 812027.0, 6512789.0 ], [ 811001.0, 6512923.0 ], [ 810849.0, 6513634.0 ], [ 811102.0, 6514695.0 ], [ 811761.0, 6515548.0 ], [ 812407.0, 6513989.0 ], [ 812027.0, 6512789.0 ] ] ] } },
{ "type": "Feature", "properties": { "ID_GEOFLA": 21774, "CODE_COMM": "236", "INSEE_COM": "69236", "NOM_COMM": "SAINT-ROMAIN-EN-GIER", "STATUT": "Commune simple", "X_CHF_LIEU": 8331, "Y_CHF_LIEU": 64976, "X_CENTROID": 8329, "Y_CENTROID": 64976, "Z_MOYEN": 238, "SUPERFICIE": 406, "POPULATION": 0.5, "CODE_CANT": "08", "CODE_ARR": "1", "CODE_DEPT": "69", "NOM_DEPT": "RHONE", "CODE_REG": "82", "NOM_REGION": "RHONE-ALPES", "CODGEO": "69236" }, "geometry": { "type": "Polygon", "coordinates": [ [ [ 832047.0, 6495998.0 ], [ 831466.0, 6496432.0 ], [ 831688.0, 6496770.0 ], [ 832039.0, 6496852.0 ], [ 832213.0, 6498247.0 ], [ 831532.0, 6498477.0 ], [ 831496.0, 6498835.0 ], [ 832929.0, 6498373.0 ], [ 833573.0, 6498632.0 ], [ 834581.0, 6498589.0 ], [ 834422.0, 6497877.0 ], [ 832451.0, 6496643.0 ], [ 832047.0, 6495998.0 ] ] ] } },
{ "type": "Feature", "properties": { "ID_GEOFLA": 21877, "CODE_COMM": "196", "INSEE_COM": "69196", "NOM_COMM": "SAINT-DIDIER-SUR-BEAUJEU", "STATUT": "Commune simple", "X_CHF_LIEU": 8193, "Y_CHF_LIEU": 65630, "X_CENTROID": 8184, "Y_CENTROID": 65618, "Z_MOYEN": 615, "SUPERFICIE": 1445, "POPULATION": 0.5, "CODE_CANT": "04", "CODE_ARR": "2", "CODE_DEPT": "69", "NOM_DEPT": "RHONE", "CODE_REG": "82", "NOM_REGION": "RHONE-ALPES", "CODGEO": "69196" }, "geometry": { "type": "Polygon", "coordinates": [ [ [ 818151.0, 6559046.0 ], [ 817557.0, 6559601.0 ], [ 815705.0, 6561575.0 ], [ 816170.0, 6562158.0 ], [ 816279.0, 6563219.0 ], [ 817349.0, 6562721.0 ], [ 818136.0, 6562734.0 ], [ 819379.0, 6563675.0 ], [ 819481.0, 6564455.0 ], [ 821121.0, 6564037.0 ], [ 820358.0, 6561595.0 ], [ 819368.0, 6560505.0 ], [ 818151.0, 6559046.0 ] ] ] } },
{ "type": "Feature", "properties": { "ID_GEOFLA": 22003, "CODE_COMM": "205", "INSEE_COM": "69205", "NOM_COMM": "SAINT-GENIS-LES-OLLIERES", "STATUT": "Commune simple", "X_CHF_LIEU": 8341, "Y_CHF_LIEU": 65189, "X_CENTROID": 8341, "Y_CENTROID": 65194, "Z_MOYEN": 274, "SUPERFICIE": 377, "POPULATION": 4.7, "CODE_CANT": "31", "CODE_ARR": "1", "CODE_DEPT": "69", "NOM_DEPT": "RHONE", "CODE_REG": "82", "NOM_REGION": "RHONE-ALPES", "CODGEO": "69205" }, "geometry": { "type": "Polygon", "coordinates": [ [ [ 835553.0, 6518832.0 ], [ 834121.0, 6518421.0 ], [ 833393.0, 6518601.0 ], [ 833199.0, 6519159.0 ], [ 832605.0, 6519337.0 ], [ 833292.0, 6520141.0 ], [ 834743.0, 6520478.0 ], [ 835553.0, 6518832.0 ] ] ] } },
{ "type": "Feature", "properties": { "ID_GEOFLA": 22004, "CODE_COMM": "155", "INSEE_COM": "69155", "NOM_COMM": "POMEYS", "STATUT": "Commune simple", "X_CHF_LIEU": 8124, "Y_CHF_LIEU": 65065, "X_CENTROID": 8126, "Y_CENTROID": 65062, "Z_MOYEN": 632, "SUPERFICIE": 1330, "POPULATION": 0.9, "CODE_CANT": "28", "CODE_ARR": "1", "CODE_DEPT": "69", "NOM_DEPT": "RHONE", "CODE_REG": "82", "NOM_REGION": "RHONE-ALPES", "CODGEO": "69155" }, "geometry": { "type": "Polygon", "coordinates": [ [ [ 810822.0, 6504346.0 ], [ 809870.0, 6504594.0 ], [ 809749.0, 6505155.0 ], [ 809887.0, 6505905.0 ], [ 810995.0, 6506951.0 ], [ 812518.0, 6508074.0 ], [ 813156.0, 6507774.0 ], [ 813455.0, 6508011.0 ], [ 814734.0, 6507545.0 ], [ 815327.0, 6507810.0 ], [ 815213.0, 6505518.0 ], [ 815062.0, 6505204.0 ], [ 814395.0, 6505115.0 ], [ 813917.0, 6505692.0 ], [ 812653.0, 6504896.0 ], [ 810822.0, 6504346.0 ] ] ] } },
{ "type": "Feature", "properties": { "ID_GEOFLA": 22005, "CODE_COMM": "152", "INSEE_COM": "69152", "NOM_COMM": "PIERRE-BENITE", "STATUT": "Commune simple", "X_CHF_LIEU": 8419, "Y_CHF_LIEU": 65131, "X_CENTROID": 8421, "Y_CENTROID": 65130, "Z_MOYEN": 173, "SUPERFICIE": 444, "POPULATION": 10.0, "CODE_CANT": "48", "CODE_ARR": "1", "CODE_DEPT": "69", "NOM_DEPT": "RHONE", "CODE_REG": "82", "NOM_REGION": "RHONE-ALPES", "CODGEO": "69152" }, "geometry": { "type": "Polygon", "coordinates": [ [ [ 843043.0, 6511890.0 ], [ 841667.0, 6512301.0 ], [ 840751.0, 6512554.0 ], [ 840461.0, 6513156.0 ], [ 841685.0, 6513749.0 ], [ 841810.0, 6514418.0 ], [ 843188.0, 6513722.0 ], [ 843484.0, 6512739.0 ], [ 843043.0, 6511890.0 ] ] ] } },
{ "type": "Feature", "properties": { "ID_GEOFLA": 22006, "CODE_COMM": "213", "INSEE_COM": "69213", "NOM_COMM": "SAINT-JEAN-DE-TOUSLAS", "STATUT": "Commune simple", "X_CHF_LIEU": 8295, "Y_CHF_LIEU": 64989, "X_CENTROID": 8304, "Y_CENTROID": 64984, "Z_MOYEN": 318, "SUPERFICIE": 551, "POPULATION": 0.7, "CODE_CANT": "08", "CODE_ARR": "1", "CODE_DEPT": "69", "NOM_DEPT": "RHONE", "CODE_REG": "82", "NOM_REGION": "RHONE-ALPES", "CODGEO": "69213" }, "geometry": { "type": "Polygon", "coordinates": [ [ [ 831688.0, 6496770.0 ], [ 830741.0, 6497973.0 ], [ 830353.0, 6498045.0 ], [ 829371.0, 6497389.0 ], [ 828642.0, 6497500.0 ], [ 829003.0, 6498937.0 ], [ 829859.0, 6500158.0 ], [ 831496.0, 6498835.0 ], [ 831532.0, 6498477.0 ], [ 832213.0, 6498247.0 ], [ 832039.0, 6496852.0 ], [ 831688.0, 6496770.0 ] ] ] } },
{ "type": "Feature", "properties": { "ID_GEOFLA": 22140, "CODE_COMM": "193", "INSEE_COM": "69193", "NOM_COMM": "SAINT-CYR-SUR-LE-RHONE", "STATUT": "Commune simple", "X_CHF_LIEU": 8446, "Y_CHF_LIEU": 64924, "X_CENTROID": 8430, "Y_CENTROID": 64924, "Z_MOYEN": 309, "SUPERFICIE": 607, "POPULATION": 1.1, "CODE_CANT": "07", "CODE_ARR": "1", "CODE_DEPT": "69", "NOM_DEPT": "RHONE", "CODE_REG": "82", "NOM_REGION": "RHONE-ALPES", "CODGEO": "69193" }, "geometry": { "type": "Polygon", "coordinates": [ [ [ 844094.0, 6491059.0 ], [ 843552.0, 6491626.0 ], [ 841650.0, 6492055.0 ], [ 839697.0, 6493365.0 ], [ 841910.0, 6493038.0 ], [ 843782.0, 6493056.0 ], [ 844038.0, 6493332.0 ], [ 844952.0, 6493038.0 ], [ 845305.0, 6492532.0 ], [ 844094.0, 6491059.0 ] ] ] } },
{ "type": "Feature", "properties": { "ID_GEOFLA": 22261, "CODE_COMM": "036", "INSEE_COM": "69036", "NOM_COMM": "CERCIE", "STATUT": "Commune simple", "X_CHF_LIEU": 8290, "Y_CHF_LIEU": 65591, "X_CENTROID": 8287, "Y_CENTROID": 65598, "Z_MOYEN": 234, "SUPERFICIE": 500, "POPULATION": 1.0, "CODE_CANT": "05", "CODE_ARR": "2", "CODE_DEPT": "69", "NOM_DEPT": "RHONE", "CODE_REG": "82", "NOM_REGION": "RHONE-ALPES", "CODGEO": "69036" }, "geometry": { "type": "Polygon", "coordinates": [ [ [ 827281.0, 6558784.0 ], [ 826711.0, 6559218.0 ], [ 827248.0, 6560204.0 ], [ 828381.0, 6560282.0 ], [ 829367.0, 6560824.0 ], [ 830550.0, 6560669.0 ], [ 831215.0, 6560077.0 ], [ 830958.0, 6559921.0 ], [ 829494.0, 6559742.0 ], [ 828789.0, 6558917.0 ], [ 827281.0, 6558784.0 ] ] ] } },
{ "type": "Feature", "properties": { "ID_GEOFLA": 22335, "CODE_COMM": "024", "INSEE_COM": "69024", "NOM_COMM": "LE BOIS-D'OINGT", "STATUT": "Chef-lieu canton", "X_CHF_LIEU": 8228, "Y_CHF_LIEU": 65368, "X_CENTROID": 8223, "Y_CENTROID": 65367, "Z_MOYEN": 328, "SUPERFICIE": 521, "POPULATION": 2.0, "CODE_CANT": "06", "CODE_ARR": "2", "CODE_DEPT": "69", "NOM_DEPT": "RHONE", "CODE_REG": "82", "NOM_REGION": "RHONE-ALPES", "CODGEO": "69024" }, "geometry": { "type": "Polygon", "coordinates": [ [ [ 823432.0, 6534967.0 ], [ 823210.0, 6536045.0 ], [ 821034.0, 6535652.0 ], [ 820662.0, 6536241.0 ], [ 821019.0, 6536821.0 ], [ 822780.0, 6538280.0 ], [ 823169.0, 6537868.0 ], [ 823388.0, 6538060.0 ], [ 823663.0, 6536329.0 ], [ 823542.0, 6535051.0 ], [ 823432.0, 6534967.0 ] ] ] } },
{ "type": "Feature", "properties": { "ID_GEOFLA": 22551, "CODE_COMM": "211", "INSEE_COM": "69211", "NOM_COMM": "SAINT-JEAN-D'ARDIERES", "STATUT": "Commune simple", "X_CHF_LIEU": 8341, "Y_CHF_LIEU": 65599, "X_CENTROID": 8329, "Y_CENTROID": 65600, "Z_MOYEN": 199, "SUPERFICIE": 1245, "POPULATION": 2.7, "CODE_CANT": "05", "CODE_ARR": "2", "CODE_DEPT": "69", "NOM_DEPT": "RHONE", "CODE_REG": "82", "NOM_REGION": "RHONE-ALPES", "CODGEO": "69211" }, "geometry": { "type": "Polygon", "coordinates": [ [ [ 830889.0, 6558273.0 ], [ 830958.0, 6559921.0 ], [ 831215.0, 6560077.0 ], [ 830550.0, 6560669.0 ], [ 831126.0, 6561015.0 ], [ 831435.0, 6561976.0 ], [ 832074.0, 6561988.0 ], [ 832790.0, 6561162.0 ], [ 834521.0, 6561734.0 ], [ 835445.0, 6561732.0 ], [ 834741.0, 6561510.0 ], [ 834618.0, 6561151.0 ], [ 835261.0, 6559781.0 ], [ 834964.0, 6558685.0 ], [ 835146.0, 6558352.0 ], [ 832290.0, 6558738.0 ], [ 830889.0, 6558273.0 ] ] ] } },
{ "type": "Feature", "properties": { "ID_GEOFLA": 22681, "CODE_COMM": "031", "INSEE_COM": "69031", "NOM_COMM": "BRUSSIEU", "STATUT": "Commune simple", "X_CHF_LIEU": 8185, "Y_CHF_LIEU": 65176, "X_CENTROID": 8179, "Y_CENTROID": 65175, "Z_MOYEN": 451, "SUPERFICIE": 688, "POPULATION": 1.0, "CODE_CANT": "27", "CODE_ARR": "1", "CODE_DEPT": "69", "NOM_DEPT": "RHONE", "CODE_REG": "82", "NOM_REGION": "RHONE-ALPES", "CODGEO": "69031" }, "geometry": { "type": "Polygon", "coordinates": [ [ [ 816993.0, 6515659.0 ], [ 816212.0, 6517279.0 ], [ 816155.0, 6517964.0 ], [ 818518.0, 6518848.0 ], [ 820380.0, 6518093.0 ], [ 818430.0, 6516661.0 ], [ 817693.0, 6516499.0 ], [ 816993.0, 6515659.0 ] ] ] } },
{ "type": "Feature", "properties": { "ID_GEOFLA": 22682, "CODE_COMM": "116", "INSEE_COM": "69116", "NOM_COMM": "LIMONEST", "STATUT": "Chef-lieu canton", "X_CHF_LIEU": 8375, "Y_CHF_LIEU": 65279, "X_CENTROID": 8375, "Y_CENTROID": 65271, "Z_MOYEN": 373, "SUPERFICIE": 894, "POPULATION": 3.0, "CODE_CANT": "10", "CODE_ARR": "1", "CODE_DEPT": "69", "NOM_DEPT": "RHONE", "CODE_REG": "82", "NOM_REGION": "RHONE-ALPES", "CODGEO": "69116" }, "geometry": { "type": "Polygon", "coordinates": [ [ [ 837522.0, 6524091.0 ], [ 837276.0, 6525996.0 ], [ 835562.0, 6528059.0 ], [ 837045.0, 6529121.0 ], [ 837427.0, 6529382.0 ], [ 838673.0, 6528502.0 ], [ 838894.0, 6527102.0 ], [ 838394.0, 6525093.0 ], [ 838167.0, 6524397.0 ], [ 837522.0, 6524091.0 ] ] ] } },
{ "type": "Feature", "properties": { "ID_GEOFLA": 22765, "CODE_COMM": "257", "INSEE_COM": "69257", "NOM_COMM": "VAUX-EN-BEAUJOLAIS", "STATUT": "Commune simple", "X_CHF_LIEU": 8230, "Y_CHF_LIEU": 65518, "X_CENTROID": 8219, "Y_CENTROID": 65507, "Z_MOYEN": 479, "SUPERFICIE": 1766, "POPULATION": 1.0, "CODE_CANT": "53", "CODE_ARR": "2", "CODE_DEPT": "69", "NOM_DEPT": "RHONE", "CODE_REG": "82", "NOM_REGION": "RHONE-ALPES", "CODGEO": "69257" }, "geometry": { "type": "Polygon", "coordinates": [ [ [ 820844.0, 6548437.0 ], [ 820803.0, 6548815.0 ], [ 818787.0, 6550988.0 ], [ 819079.0, 6552974.0 ], [ 819591.0, 6552391.0 ], [ 820320.0, 6552151.0 ], [ 823747.0, 6552371.0 ], [ 824485.0, 6552130.0 ], [ 824777.0, 6551441.0 ], [ 825155.0, 6551353.0 ], [ 825356.0, 6550688.0 ], [ 824990.0, 6550154.0 ], [ 825243.0, 6549914.0 ], [ 822994.0, 6549653.0 ], [ 822785.0, 6549335.0 ], [ 821955.0, 6548663.0 ], [ 820844.0, 6548437.0 ] ] ] } },
{ "type": "Feature", "properties": { "ID_GEOFLA": 22820, "CODE_COMM": "289", "INSEE_COM": "69289", "NOM_COMM": "SAINT-PIERRE-DE-CHANDIEU", "STATUT": "Commune simple", "X_CHF_LIEU": 8569, "Y_CHF_LIEU": 65071, "X_CENTROID": 8564, "Y_CENTROID": 65070, "Z_MOYEN": 269, "SUPERFICIE": 2915, "POPULATION": 4.4, "CODE_CANT": "38", "CODE_ARR": "1", "CODE_DEPT": "69", "NOM_DEPT": "RHONE", "CODE_REG": "82", "NOM_REGION": "RHONE-ALPES", "CODGEO": "69289" }, "geometry": { "type": "Polygon", "coordinates": [ [ [ 859274.0, 6504397.0 ], [ 858485.0, 6503663.0 ], [ 856042.0, 6504527.0 ], [ 855020.0, 6504069.0 ], [ 854354.0, 6504353.0 ], [ 852614.0, 6506587.0 ], [ 852888.0, 6507644.0 ], [ 853271.0, 6507694.0 ], [ 853716.0, 6507154.0 ], [ 855597.0, 6507551.0 ], [ 855708.0, 6507921.0 ], [ 855064.0, 6509320.0 ], [ 854463.0, 6509802.0 ], [ 853719.0, 6509595.0 ], [ 853662.0, 6510358.0 ], [ 853296.0, 6510473.0 ], [ 853880.0, 6510976.0 ], [ 854981.0, 6510604.0 ], [ 855436.0, 6510051.0 ], [ 856558.0, 6509826.0 ], [ 857741.0, 6509711.0 ], [ 859931.0, 6508803.0 ], [ 860265.0, 6508066.0 ], [ 858755.0, 6506919.0 ], [ 858653.0, 6505378.0 ], [ 859274.0, 6504397.0 ] ] ] } },
{ "type": "Feature", "properties": { "ID_GEOFLA": 23045, "CODE_COMM": "080", "INSEE_COM": "69080", "NOM_COMM": "ECHALAS", "STATUT": "Commune simple", "X_CHF_LIEU": 8338, "Y_CHF_LIEU": 64961, "X_CENTROID": 8349, "Y_CENTROID": 64960, "Z_MOYEN": 363, "SUPERFICIE": 2087, "POPULATION": 1.4, "CODE_CANT": "08", "CODE_ARR": "1", "CODE_DEPT": "69", "NOM_DEPT": "RHONE", "CODE_REG": "82", "NOM_REGION": "RHONE-ALPES", "CODGEO": "69080" }, "geometry": { "type": "Polygon", "coordinates": [ [ [ 836651.0, 6494055.0 ], [ 836191.0, 6493098.0 ], [ 834994.0, 6493814.0 ], [ 833945.0, 6493648.0 ], [ 832257.0, 6494497.0 ], [ 832047.0, 6495998.0 ], [ 832451.0, 6496643.0 ], [ 834422.0, 6497877.0 ], [ 834581.0, 6498589.0 ], [ 835273.0, 6498882.0 ], [ 835934.0, 6498499.0 ], [ 836967.0, 6498939.0 ], [ 837814.0, 6496833.0 ], [ 836956.0, 6496156.0 ], [ 836554.0, 6495146.0 ], [ 836651.0, 6494055.0 ] ] ] } },
{ "type": "Feature", "properties": { "ID_GEOFLA": 23196, "CODE_COMM": "010", "INSEE_COM": "69010", "NOM_COMM": "L'ARBRESLE", "STATUT": "Chef-lieu canton", "X_CHF_LIEU": 8255, "Y_CHF_LIEU": 65275, "X_CENTROID": 8248, "Y_CENTROID": 65275, "Z_MOYEN": 260, "SUPERFICIE": 329, "POPULATION": 6.0, "CODE_CANT": "03", "CODE_ARR": "1", "CODE_DEPT": "69", "NOM_DEPT": "RHONE", "CODE_REG": "82", "NOM_REGION": "RHONE-ALPES", "CODGEO": "69010" }, "geometry": { "type": "Polygon", "coordinates": [ [ [ 824739.0, 6526049.0 ], [ 824159.0, 6526488.0 ], [ 824187.0, 6527769.0 ], [ 823861.0, 6527899.0 ], [ 824437.0, 6528719.0 ], [ 825069.0, 6528335.0 ], [ 825783.0, 6528378.0 ], [ 826020.0, 6528001.0 ], [ 825508.0, 6527186.0 ], [ 824739.0, 6526049.0 ] ] ] } },
{ "type": "Feature", "properties": { "ID_GEOFLA": 23293, "CODE_COMM": "136", "INSEE_COM": "69136", "NOM_COMM": "MONTAGNY", "STATUT": "Commune simple", "X_CHF_LIEU": 8361, "Y_CHF_LIEU": 65046, "X_CENTROID": 8363, "Y_CENTROID": 65043, "Z_MOYEN": 251, "SUPERFICIE": 818, "POPULATION": 2.5, "CODE_CANT": "08", "CODE_ARR": "1", "CODE_DEPT": "69", "NOM_DEPT": "RHONE", "CODE_REG": "82", "NOM_REGION": "RHONE-ALPES", "CODGEO": "69136" }, "geometry": { "type": "Polygon", "coordinates": [ [ [ 837047.0, 6502449.0 ], [ 835111.0, 6503303.0 ], [ 834757.0, 6503927.0 ], [ 836174.0, 6507247.0 ], [ 836531.0, 6506186.0 ], [ 836899.0, 6506102.0 ], [ 836920.0, 6505317.0 ], [ 838235.0, 6502914.0 ], [ 837538.0, 6502625.0 ], [ 837430.0, 6502908.0 ], [ 837047.0, 6502449.0 ] ] ] } },
{ "type": "Feature", "properties": { "ID_GEOFLA": 23465, "CODE_COMM": "298", "INSEE_COM": "69298", "NOM_COMM": "TOUSSIEU", "STATUT": "Commune simple", "X_CHF_LIEU": 8545, "Y_CHF_LIEU": 65080, "X_CENTROID": 8543, "Y_CENTROID": 65084, "Z_MOYEN": 249, "SUPERFICIE": 509, "POPULATION": 2.4, "CODE_CANT": "38", "CODE_ARR": "1", "CODE_DEPT": "69", "NOM_DEPT": "RHONE", "CODE_REG": "82", "NOM_REGION": "RHONE-ALPES", "CODGEO": "69298" }, "geometry": { "type": "Polygon", "coordinates": [ [ [ 853719.0, 6509595.0 ], [ 854463.0, 6509802.0 ], [ 855064.0, 6509320.0 ], [ 855708.0, 6507921.0 ], [ 855597.0, 6507551.0 ], [ 853716.0, 6507154.0 ], [ 853271.0, 6507694.0 ], [ 852888.0, 6507644.0 ], [ 853284.0, 6508302.0 ], [ 853363.0, 6509450.0 ], [ 853719.0, 6509595.0 ] ] ] } },
{ "type": "Feature", "properties": { "ID_GEOFLA": 23605, "CODE_COMM": "163", "INSEE_COM": "69163", "NOM_COMM": "QUINCIEUX", "STATUT": "Commune simple", "X_CHF_LIEU": 8377, "Y_CHF_LIEU": 65364, "X_CENTROID": 8374, "Y_CENTROID": 65364, "Z_MOYEN": 176, "SUPERFICIE": 1787, "POPULATION": 2.9, "CODE_CANT": "25", "CODE_ARR": "1", "CODE_DEPT": "69", "NOM_DEPT": "RHONE", "CODE_REG": "82", "NOM_REGION": "RHONE-ALPES", "CODGEO": "69163" }, "geometry": { "type": "Polygon", "coordinates": [ [ [ 836736.0, 6534514.0 ], [ 834905.0, 6535101.0 ], [ 834382.0, 6536092.0 ], [ 834422.0, 6536102.0 ], [ 836492.0, 6538389.0 ], [ 836448.0, 6538777.0 ], [ 837411.0, 6539254.0 ], [ 837748.0, 6539122.0 ], [ 838636.0, 6537555.0 ], [ 840097.0, 6537283.0 ], [ 840351.0, 6536061.0 ], [ 839871.0, 6534752.0 ], [ 838975.0, 6534639.0 ], [ 836736.0, 6534514.0 ] ] ] } },
{ "type": "Feature", "properties": { "ID_GEOFLA": 23606, "CODE_COMM": "050", "INSEE_COM": "69050", "NOM_COMM": "CHATILLON", "STATUT": "Commune simple", "X_CHF_LIEU": 8276, "Y_CHF_LIEU": 65321, "X_CENTROID": 8273, "Y_CENTROID": 65314, "Z_MOYEN": 260, "SUPERFICIE": 1077, "POPULATION": 2.1, "CODE_CANT": "06", "CODE_ARR": "2", "CODE_DEPT": "69", "NOM_DEPT": "RHONE", "CODE_REG": "82", "NOM_REGION": "RHONE-ALPES", "CODGEO": "69050" }, "geometry": { "type": "Polygon", "coordinates": [ [ [ 827035.0, 6528692.0 ], [ 826263.0, 6530142.0 ], [ 825988.0, 6531138.0 ], [ 826223.0, 6532455.0 ], [ 826526.0, 6534131.0 ], [ 826304.0, 6534393.0 ], [ 827617.0, 6534257.0 ], [ 827522.0, 6533541.0 ], [ 828238.0, 6532733.0 ], [ 828483.0, 6531313.0 ], [ 828772.0, 6531097.0 ], [ 828980.0, 6530484.0 ], [ 829534.0, 6530135.0 ], [ 829522.0, 6529804.0 ], [ 828425.0, 6529854.0 ], [ 827035.0, 6528692.0 ] ] ] } },
{ "type": "Feature", "properties": { "ID_GEOFLA": 23876, "CODE_COMM": "086", "INSEE_COM": "69086", "NOM_COMM": "FLEURIEUX-SUR-L'ARBRESLE", "STATUT": "Commune simple", "X_CHF_LIEU": 8282, "Y_CHF_LIEU": 65276, "X_CENTROID": 8281, "Y_CENTROID": 65279, "Z_MOYEN": 294, "SUPERFICIE": 953, "POPULATION": 2.1, "CODE_CANT": "03", "CODE_ARR": "1", "CODE_DEPT": "69", "NOM_DEPT": "RHONE", "CODE_REG": "82", "NOM_REGION": "RHONE-ALPES", "CODGEO": "69086" }, "geometry": { "type": "Polygon", "coordinates": [ [ [ 827033.0, 6526109.0 ], [ 826471.0, 6527298.0 ], [ 825508.0, 6527186.0 ], [ 826020.0, 6528001.0 ], [ 826720.0, 6528073.0 ], [ 827035.0, 6528692.0 ], [ 828425.0, 6529854.0 ], [ 829522.0, 6529804.0 ], [ 830025.0, 6528431.0 ], [ 829409.0, 6526684.0 ], [ 827684.0, 6526474.0 ], [ 827033.0, 6526109.0 ] ] ] } },
{ "type": "Feature", "properties": { "ID_GEOFLA": 23966, "CODE_COMM": "001", "INSEE_COM": "69001", "NOM_COMM": "AFFOUX", "STATUT": "Commune simple", "X_CHF_LIEU": 8089, "Y_CHF_LIEU": 65282, "X_CENTROID": 8097, "Y_CENTROID": 65281, "Z_MOYEN": 750, "SUPERFICIE": 1068, "POPULATION": 0.3, "CODE_CANT": "29", "CODE_ARR": "2", "CODE_DEPT": "69", "NOM_DEPT": "RHONE", "CODE_REG": "82", "NOM_REGION": "RHONE-ALPES", "CODGEO": "69001" }, "geometry": { "type": "Polygon", "coordinates": [ [ [ 811819.0, 6527043.0 ], [ 811457.0, 6527137.0 ], [ 810276.0, 6526282.0 ], [ 807935.0, 6527376.0 ], [ 807335.0, 6528309.0 ], [ 807910.0, 6528798.0 ], [ 808321.0, 6529865.0 ], [ 808940.0, 6529012.0 ], [ 810088.0, 6530225.0 ], [ 811613.0, 6528535.0 ], [ 811819.0, 6527043.0 ] ] ] } },
{ "type": "Feature", "properties": { "ID_GEOFLA": 24303, "CODE_COMM": "148", "INSEE_COM": "69148", "NOM_COMM": "ORLIENAS", "STATUT": "Commune simple", "X_CHF_LIEU": 8337, "Y_CHF_LIEU": 65080, "X_CENTROID": 8339, "Y_CENTROID": 65082, "Z_MOYEN": 305, "SUPERFICIE": 1038, "POPULATION": 2.2, "CODE_CANT": "24", "CODE_ARR": "1", "CODE_DEPT": "69", "NOM_DEPT": "RHONE", "CODE_REG": "82", "NOM_REGION": "RHONE-ALPES", "CODGEO": "69148" }, "geometry": { "type": "Polygon", "coordinates": [ [ [ 832909.0, 6506336.0 ], [ 831578.0, 6508381.0 ], [ 833584.0, 6510079.0 ], [ 834313.0, 6509876.0 ], [ 835354.0, 6509578.0 ], [ 836381.0, 6508080.0 ], [ 836174.0, 6507247.0 ], [ 834399.0, 6507236.0 ], [ 832909.0, 6506336.0 ] ] ] } },
{ "type": "Feature", "properties": { "ID_GEOFLA": 24304, "CODE_COMM": "048", "INSEE_COM": "69048", "NOM_COMM": "CHASSAGNY", "STATUT": "Commune simple", "X_CHF_LIEU": 8350, "Y_CHF_LIEU": 65022, "X_CENTROID": 8348, "Y_CENTROID": 65021, "Z_MOYEN": 285, "SUPERFICIE": 919, "POPULATION": 1.2, "CODE_CANT": "08", "CODE_ARR": "1", "CODE_DEPT": "69", "NOM_DEPT": "RHONE", "CODE_REG": "82", "NOM_REGION": "RHONE-ALPES", "CODGEO": "69048" }, "geometry": { "type": "Polygon", "coordinates": [ [ [ 837047.0, 6502449.0 ], [ 836307.0, 6500728.0 ], [ 835162.0, 6500469.0 ], [ 834092.0, 6500896.0 ], [ 833612.0, 6501844.0 ], [ 832968.0, 6502144.0 ], [ 832795.0, 6503101.0 ], [ 833270.0, 6503575.0 ], [ 833396.0, 6503694.0 ], [ 833980.0, 6503371.0 ], [ 834757.0, 6503927.0 ], [ 835111.0, 6503303.0 ], [ 837047.0, 6502449.0 ] ] ] } },
{ "type": "Feature", "properties": { "ID_GEOFLA": 24607, "CODE_COMM": "133", "INSEE_COM": "69133", "NOM_COMM": "MILLERY", "STATUT": "Commune simple", "X_CHF_LIEU": 8388, "Y_CHF_LIEU": 65052, "X_CENTROID": 8386, "Y_CENTROID": 65050, "Z_MOYEN": 231, "SUPERFICIE": 901, "POPULATION": 3.5, "CODE_CANT": "08", "CODE_ARR": "1", "CODE_DEPT": "69", "NOM_DEPT": "RHONE", "CODE_REG": "82", "NOM_REGION": "RHONE-ALPES", "CODGEO": "69133" }, "geometry": { "type": "Polygon", "coordinates": [ [ [ 838235.0, 6502914.0 ], [ 836920.0, 6505317.0 ], [ 836899.0, 6506102.0 ], [ 837752.0, 6507169.0 ], [ 838869.0, 6505861.0 ], [ 839898.0, 6505752.0 ], [ 840352.0, 6505393.0 ], [ 840835.0, 6505459.0 ], [ 840805.0, 6504880.0 ], [ 840859.0, 6504220.0 ], [ 839716.0, 6504092.0 ], [ 838235.0, 6502914.0 ] ] ] } },
{ "type": "Feature", "properties": { "ID_GEOFLA": 24648, "CODE_COMM": "003", "INSEE_COM": "69003", "NOM_COMM": "ALBIGNY-SUR-SAONE", "STATUT": "Commune simple", "X_CHF_LIEU": 8421, "Y_CHF_LIEU": 65311, "X_CENTROID": 8420, "Y_CENTROID": 65310, "Z_MOYEN": 223, "SUPERFICIE": 266, "POPULATION": 2.7, "CODE_CANT": "25", "CODE_ARR": "1", "CODE_DEPT": "69", "NOM_DEPT": "RHONE", "CODE_REG": "82", "NOM_REGION": "RHONE-ALPES", "CODGEO": "69003" }, "geometry": { "type": "Polygon", "coordinates": [ [ [ 842557.0, 6529878.0 ], [ 841111.0, 6530180.0 ], [ 842042.0, 6532740.0 ], [ 842452.0, 6532309.0 ], [ 842489.0, 6531337.0 ], [ 842742.0, 6530625.0 ], [ 842557.0, 6529878.0 ] ] ] } },
{ "type": "Feature", "properties": { "ID_GEOFLA": 24649, "CODE_COMM": "243", "INSEE_COM": "69243", "NOM_COMM": "TARARE", "STATUT": "Chef-lieu canton", "X_CHF_LIEU": 8111, "Y_CHF_LIEU": 65339, "X_CENTROID": 8103, "Y_CENTROID": 65347, "Z_MOYEN": 518, "SUPERFICIE": 1407, "POPULATION": 10.7, "CODE_CANT": "29", "CODE_ARR": "2", "CODE_DEPT": "69", "NOM_DEPT": "RHONE", "CODE_REG": "82", "NOM_REGION": "RHONE-ALPES", "CODGEO": "69243" }, "geometry": { "type": "Polygon", "coordinates": [ [ [ 813447.0, 6532819.0 ], [ 812737.0, 6533061.0 ], [ 812145.0, 6532623.0 ], [ 811031.0, 6532564.0 ], [ 809883.0, 6533475.0 ], [ 809520.0, 6533377.0 ], [ 808785.0, 6533499.0 ], [ 808241.0, 6535186.0 ], [ 808573.0, 6535856.0 ], [ 808312.0, 6536570.0 ], [ 808557.0, 6537696.0 ], [ 809952.0, 6536717.0 ], [ 810264.0, 6536863.0 ], [ 810545.0, 6536174.0 ], [ 812482.0, 6535070.0 ], [ 812502.0, 6535050.0 ], [ 812672.0, 6533323.0 ], [ 813607.0, 6532853.0 ], [ 813447.0, 6532819.0 ] ] ] } },
{ "type": "Feature", "properties": { "ID_GEOFLA": 24960, "CODE_COMM": "280", "INSEE_COM": "69280", "NOM_COMM": "JONS", "STATUT": "Commune simple", "X_CHF_LIEU": 8617, "Y_CHF_LIEU": 65245, "X_CENTROID": 8614, "Y_CENTROID": 65244, "Z_MOYEN": 203, "SUPERFICIE": 728, "POPULATION": 1.3, "CODE_CANT": "37", "CODE_ARR": "1", "CODE_DEPT": "69", "NOM_DEPT": "RHONE", "CODE_REG": "82", "NOM_REGION": "RHONE-ALPES", "CODGEO": "69280" }, "geometry": { "type": "Polygon", "coordinates": [ [ [ 863140.0, 6525920.0 ], [ 862415.0, 6522988.0 ], [ 862107.0, 6522767.0 ], [ 859942.0, 6523445.0 ], [ 859819.0, 6525449.0 ], [ 862484.0, 6525731.0 ], [ 863140.0, 6525920.0 ] ] ] } },
{ "type": "Feature", "properties": { "ID_GEOFLA": 25233, "CODE_COMM": "197", "INSEE_COM": "69197", "NOM_COMM": "SAINT-ETIENNE-DES-OULLIERES", "STATUT": "Commune simple", "X_CHF_LIEU": 8274, "Y_CHF_LIEU": 65532, "X_CENTROID": 8280, "Y_CENTROID": 65528, "Z_MOYEN": 253, "SUPERFICIE": 964, "POPULATION": 1.8, "CODE_CANT": "05", "CODE_ARR": "2", "CODE_DEPT": "69", "NOM_DEPT": "RHONE", "CODE_REG": "82", "NOM_REGION": "RHONE-ALPES", "CODGEO": "69197" }, "geometry": { "type": "Polygon", "coordinates": [ [ [ 829254.0, 6551123.0 ], [ 828051.0, 6551824.0 ], [ 827277.0, 6551175.0 ], [ 826275.0, 6552078.0 ], [ 825656.0, 6552688.0 ], [ 827175.0, 6554192.0 ], [ 827078.0, 6554894.0 ], [ 828733.0, 6554400.0 ], [ 830021.0, 6552561.0 ], [ 830125.0, 6551874.0 ], [ 829254.0, 6551123.0 ] ] ] } },
{ "type": "Feature", "properties": { "ID_GEOFLA": 25261, "CODE_COMM": "255", "INSEE_COM": "69255", "NOM_COMM": "VAUGNERAY", "STATUT": "Chef-lieu canton", "X_CHF_LIEU": 8287, "Y_CHF_LIEU": 65167, "X_CENTROID": 8278, "Y_CENTROID": 65160, "Z_MOYEN": 481, "SUPERFICIE": 2251, "POPULATION": 4.7, "CODE_CANT": "31", "CODE_ARR": "1", "CODE_DEPT": "69", "NOM_DEPT": "RHONE", "CODE_REG": "82", "NOM_REGION": "RHONE-ALPES", "CODGEO": "69255" }, "geometry": { "type": "Polygon", "coordinates": [ [ [ 827968.0, 6513272.0 ], [ 827119.0, 6514425.0 ], [ 825415.0, 6513888.0 ], [ 825081.0, 6513987.0 ], [ 825121.0, 6515006.0 ], [ 824589.0, 6515454.0 ], [ 825558.0, 6516612.0 ], [ 825252.0, 6518075.0 ], [ 825745.0, 6518641.0 ], [ 827214.0, 6518322.0 ], [ 827787.0, 6517830.0 ], [ 828501.0, 6517608.0 ], [ 829585.0, 6517790.0 ], [ 832079.0, 6516224.0 ], [ 830170.0, 6515332.0 ], [ 829935.0, 6514285.0 ], [ 829182.0, 6514174.0 ], [ 827968.0, 6513272.0 ] ] ] } },
{ "type": "Feature", "properties": { "ID_GEOFLA": 25363, "CODE_COMM": "092", "INSEE_COM": "69092", "NOM_COMM": "GLEIZE", "STATUT": "Chef-lieu canton", "X_CHF_LIEU": 8313, "Y_CHF_LIEU": 65446, "X_CENTROID": 8306, "Y_CENTROID": 65448, "Z_MOYEN": 225, "SUPERFICIE": 1046, "POPULATION": 7.8, "CODE_CANT": "53", "CODE_ARR": "2", "CODE_DEPT": "69", "NOM_DEPT": "RHONE", "CODE_REG": "82", "NOM_REGION": "RHONE-ALPES", "CODGEO": "69092" }, "geometry": { "type": "Polygon", "coordinates": [ [ [ 831194.0, 6543104.0 ], [ 830621.0, 6542745.0 ], [ 830364.0, 6542966.0 ], [ 829833.0, 6543424.0 ], [ 828385.0, 6543492.0 ], [ 828313.0, 6545042.0 ], [ 829786.0, 6545235.0 ], [ 830058.0, 6545491.0 ], [ 829932.0, 6546197.0 ], [ 832843.0, 6546973.0 ], [ 833042.0, 6545890.0 ], [ 832314.0, 6545896.0 ], [ 832057.0, 6545203.0 ], [ 832239.0, 6544468.0 ], [ 831459.0, 6543666.0 ], [ 831194.0, 6543104.0 ] ] ] } },
{ "type": "Feature", "properties": { "ID_GEOFLA": 25364, "CODE_COMM": "085", "INSEE_COM": "69085", "NOM_COMM": "FLEURIEU-SUR-SAONE", "STATUT": "Commune simple", "X_CHF_LIEU": 8432, "Y_CHF_LIEU": 65307, "X_CENTROID": 8435, "Y_CENTROID": 65304, "Z_MOYEN": 225, "SUPERFICIE": 290, "POPULATION": 1.3, "CODE_CANT": "25", "CODE_ARR": "1", "CODE_DEPT": "69", "NOM_DEPT": "RHONE", "CODE_REG": "82", "NOM_REGION": "RHONE-ALPES", "CODGEO": "69085" }, "geometry": { "type": "Polygon", "coordinates": [ [ [ 843201.0, 6529273.0 ], [ 842484.0, 6529589.0 ], [ 842557.0, 6529878.0 ], [ 842742.0, 6530625.0 ], [ 842489.0, 6531337.0 ], [ 843672.0, 6531232.0 ], [ 845562.0, 6530786.0 ], [ 843893.0, 6530181.0 ], [ 843201.0, 6529273.0 ] ] ] } },
{ "type": "Feature", "properties": { "ID_GEOFLA": 25608, "CODE_COMM": "018", "INSEE_COM": "69018", "NOM_COMM": "BEAUJEU", "STATUT": "Chef-lieu canton", "X_CHF_LIEU": 8225, "Y_CHF_LIEU": 65628, "X_CENTROID": 8222, "Y_CENTROID": 65630, "Z_MOYEN": 512, "SUPERFICIE": 1780, "POPULATION": 2.0, "CODE_CANT": "04", "CODE_ARR": "2", "CODE_DEPT": "69", "NOM_DEPT": "RHONE", "CODE_REG": "82", "NOM_REGION": "RHONE-ALPES", "CODGEO": "69018" }, "geometry": { "type": "Polygon", "coordinates": [ [ [ 821862.0, 6560064.0 ], [ 820740.0, 6559826.0 ], [ 819368.0, 6560505.0 ], [ 820358.0, 6561595.0 ], [ 821121.0, 6564037.0 ], [ 821724.0, 6566110.0 ], [ 821595.0, 6566810.0 ], [ 822344.0, 6565906.0 ], [ 824291.0, 6566008.0 ], [ 824413.0, 6564868.0 ], [ 823678.0, 6561562.0 ], [ 822980.0, 6561489.0 ], [ 821862.0, 6560064.0 ] ] ] } },
{ "type": "Feature", "properties": { "ID_GEOFLA": 25681, "CODE_COMM": "249", "INSEE_COM": "69249", "NOM_COMM": "THURINS", "STATUT": "Commune simple", "X_CHF_LIEU": 8277, "Y_CHF_LIEU": 65104, "X_CENTROID": 8265, "Y_CENTROID": 65106, "Z_MOYEN": 471, "SUPERFICIE": 1926, "POPULATION": 2.8, "CODE_CANT": "31", "CODE_ARR": "1", "CODE_DEPT": "69", "NOM_DEPT": "RHONE", "CODE_REG": "82", "NOM_REGION": "RHONE-ALPES", "CODGEO": "69249" }, "geometry": { "type": "Polygon", "coordinates": [ [ [ 828836.0, 6507890.0 ], [ 827454.0, 6509122.0 ], [ 824521.0, 6509200.0 ], [ 822648.0, 6511866.0 ], [ 823238.0, 6512303.0 ], [ 825776.0, 6511992.0 ], [ 826545.0, 6512696.0 ], [ 827988.0, 6512792.0 ], [ 829327.0, 6510584.0 ], [ 830339.0, 6510195.0 ], [ 829471.0, 6509593.0 ], [ 828836.0, 6507890.0 ] ] ] } },
{ "type": "Feature", "properties": { "ID_GEOFLA": 25729, "CODE_COMM": "029", "INSEE_COM": "69029", "NOM_COMM": "BRON", "STATUT": "Chef-lieu canton", "X_CHF_LIEU": 8487, "Y_CHF_LIEU": 65172, "X_CENTROID": 8486, "Y_CENTROID": 65167, "Z_MOYEN": 198, "SUPERFICIE": 1026, "POPULATION": 38.8, "CODE_CANT": "35", "CODE_ARR": "1", "CODE_DEPT": "69", "NOM_DEPT": "RHONE", "CODE_REG": "82", "NOM_REGION": "RHONE-ALPES", "CODGEO": "69029" }, "geometry": { "type": "Polygon", "coordinates": [ [ [ 848529.0, 6514945.0 ], [ 846753.0, 6515794.0 ], [ 847130.0, 6517255.0 ], [ 847617.0, 6518759.0 ], [ 849072.0, 6518332.0 ], [ 850248.0, 6517893.0 ], [ 850560.0, 6515902.0 ], [ 848529.0, 6514945.0 ] ] ] } },
{ "type": "Feature", "properties": { "ID_GEOFLA": 25730, "CODE_COMM": "238", "INSEE_COM": "69238", "NOM_COMM": "SAINT-SYMPHORIEN-SUR-COISE", "STATUT": "Chef-lieu canton", "X_CHF_LIEU": 8135, "Y_CHF_LIEU": 65046, "X_CENTROID": 8129, "Y_CENTROID": 65044, "Z_MOYEN": 556, "SUPERFICIE": 407, "POPULATION": 3.4, "CODE_CANT": "28", "CODE_ARR": "1", "CODE_DEPT": "69", "NOM_DEPT": "RHONE", "CODE_REG": "82", "NOM_REGION": "RHONE-ALPES", "CODGEO": "69238" }, "geometry": { "type": "Polygon", "coordinates": [ [ [ 814328.0, 6504236.0 ], [ 812667.0, 6503503.0 ], [ 812319.0, 6503639.0 ], [ 810822.0, 6504346.0 ], [ 812653.0, 6504896.0 ], [ 813917.0, 6505692.0 ], [ 814395.0, 6505115.0 ], [ 814328.0, 6504236.0 ] ] ] } },
{ "type": "Feature", "properties": { "ID_GEOFLA": 26099, "CODE_COMM": "055", "INSEE_COM": "69055", "NOM_COMM": "LES CHERES", "STATUT": "Commune simple", "X_CHF_LIEU": 8351, "Y_CHF_LIEU": 65337, "X_CENTROID": 8351, "Y_CENTROID": 65340, "Z_MOYEN": 190, "SUPERFICIE": 552, "POPULATION": 1.2, "CODE_CANT": "10", "CODE_ARR": "1", "CODE_DEPT": "69", "NOM_DEPT": "RHONE", "CODE_REG": "82", "NOM_REGION": "RHONE-ALPES", "CODGEO": "69055" }, "geometry": { "type": "Polygon", "coordinates": [ [ [ 835145.0, 6532459.0 ], [ 834539.0, 6533333.0 ], [ 834184.0, 6533361.0 ], [ 834160.0, 6533467.0 ], [ 833869.0, 6535662.0 ], [ 834382.0, 6536092.0 ], [ 834905.0, 6535101.0 ], [ 836736.0, 6534514.0 ], [ 836135.0, 6532803.0 ], [ 835460.0, 6532506.0 ], [ 835145.0, 6532459.0 ] ] ] } },
{ "type": "Feature", "properties": { "ID_GEOFLA": 26100, "CODE_COMM": "044", "INSEE_COM": "69044", "NOM_COMM": "CHARBONNIERES-LES-BAINS", "STATUT": "Commune simple", "X_CHF_LIEU": 8356, "Y_CHF_LIEU": 65216, "X_CENTROID": 8354, "Y_CENTROID": 65215, "Z_MOYEN": 261, "SUPERFICIE": 411, "POPULATION": 4.8, "CODE_CANT": "31", "CODE_ARR": "1", "CODE_DEPT": "69", "NOM_DEPT": "RHONE", "CODE_REG": "82", "NOM_REGION": "RHONE-ALPES", "CODGEO": "69044" }, "geometry": { "type": "Polygon", "coordinates": [ [ [ 836862.0, 6520535.0 ], [ 835459.0, 6520441.0 ], [ 834175.0, 6521162.0 ], [ 834539.0, 6522353.0 ], [ 836141.0, 6522724.0 ], [ 836388.0, 6521030.0 ], [ 836862.0, 6520535.0 ] ] ] } },
{ "type": "Feature", "properties": { "ID_GEOFLA": 26524, "CODE_COMM": "132", "INSEE_COM": "69132", "NOM_COMM": "MEYS", "STATUT": "Commune simple", "X_CHF_LIEU": 8079, "Y_CHF_LIEU": 65097, "X_CENTROID": 8090, "Y_CENTROID": 65101, "Z_MOYEN": 523, "SUPERFICIE": 1468, "POPULATION": 0.7, "CODE_CANT": "28", "CODE_ARR": "1", "CODE_DEPT": "69", "NOM_DEPT": "RHONE", "CODE_REG": "82", "NOM_REGION": "RHONE-ALPES", "CODGEO": "69132" }, "geometry": { "type": "Polygon", "coordinates": [ [ [ 808429.0, 6507948.0 ], [ 806339.0, 6508875.0 ], [ 806553.0, 6509162.0 ], [ 806314.0, 6510190.0 ], [ 806887.0, 6511064.0 ], [ 808387.0, 6511261.0 ], [ 808667.0, 6511977.0 ], [ 809039.0, 6512079.0 ], [ 811544.0, 6511154.0 ], [ 811958.0, 6510668.0 ], [ 812546.0, 6510876.0 ], [ 812740.0, 6510568.0 ], [ 812175.0, 6509635.0 ], [ 811238.0, 6510157.0 ], [ 808429.0, 6507948.0 ] ] ] } },
{ "type": "Feature", "properties": { "ID_GEOFLA": 26655, "CODE_COMM": "287", "INSEE_COM": "69287", "NOM_COMM": "SAINT-BONNET-DE-MURE", "STATUT": "Commune simple", "X_CHF_LIEU": 8579, "Y_CHF_LIEU": 65121, "X_CENTROID": 8573, "Y_CENTROID": 65127, "Z_MOYEN": 240, "SUPERFICIE": 1663, "POPULATION": 6.1, "CODE_CANT": "37", "CODE_ARR": "1", "CODE_DEPT": "69", "NOM_DEPT": "RHONE", "CODE_REG": "82", "NOM_REGION": "RHONE-ALPES", "CODGEO": "69287" }, "geometry": { "type": "Polygon", "coordinates": [ [ [ 856558.0, 6509826.0 ], [ 855436.0, 6510051.0 ], [ 854981.0, 6510604.0 ], [ 854868.0, 6511785.0 ], [ 855595.0, 6514035.0 ], [ 856686.0, 6513704.0 ], [ 857436.0, 6513832.0 ], [ 857696.0, 6514881.0 ], [ 858397.0, 6515789.0 ], [ 860247.0, 6515349.0 ], [ 860057.0, 6514369.0 ], [ 860281.0, 6514115.0 ], [ 858787.0, 6512847.0 ], [ 858091.0, 6511056.0 ], [ 856558.0, 6509826.0 ] ] ] } },
{ "type": "Feature", "properties": { "ID_GEOFLA": 26792, "CODE_COMM": "077", "INSEE_COM": "69077", "NOM_COMM": "DRACE", "STATUT": "Commune simple", "X_CHF_LIEU": 8362, "Y_CHF_LIEU": 65634, "X_CENTROID": 8368, "Y_CENTROID": 65630, "Z_MOYEN": 174, "SUPERFICIE": 1508, "POPULATION": 0.9, "CODE_CANT": "05", "CODE_ARR": "2", "CODE_DEPT": "69", "NOM_DEPT": "RHONE", "CODE_REG": "82", "NOM_REGION": "RHONE-ALPES", "CODGEO": "69077" }, "geometry": { "type": "Polygon", "coordinates": [ [ [ 837998.0, 6560571.0 ], [ 835445.0, 6561732.0 ], [ 834521.0, 6561734.0 ], [ 834880.0, 6564579.0 ], [ 836022.0, 6564733.0 ], [ 836011.0, 6565504.0 ], [ 836957.0, 6565680.0 ], [ 837322.0, 6565642.0 ], [ 837497.0, 6565086.0 ], [ 838244.0, 6564211.0 ], [ 839096.0, 6563434.0 ], [ 838630.0, 6561504.0 ], [ 837998.0, 6560571.0 ] ] ] } },
{ "type": "Feature", "properties": { "ID_GEOFLA": 26890, "CODE_COMM": "190", "INSEE_COM": "69190", "NOM_COMM": "SAINTE-CONSORCE", "STATUT": "Commune simple", "X_CHF_LIEU": 8313, "Y_CHF_LIEU": 65209, "X_CENTROID": 8315, "Y_CENTROID": 65208, "Z_MOYEN": 348, "SUPERFICIE": 594, "POPULATION": 1.8, "CODE_CANT": "31", "CODE_ARR": "1", "CODE_DEPT": "69", "NOM_DEPT": "RHONE", "CODE_REG": "82", "NOM_REGION": "RHONE-ALPES", "CODGEO": "69190" }, "geometry": { "type": "Polygon", "coordinates": [ [ [ 831645.0, 6519226.0 ], [ 830446.0, 6520621.0 ], [ 830417.0, 6522848.0 ], [ 831469.0, 6522604.0 ], [ 831701.0, 6521484.0 ], [ 833028.0, 6520812.0 ], [ 833030.0, 6520248.0 ], [ 833292.0, 6520141.0 ], [ 832605.0, 6519337.0 ], [ 831645.0, 6519226.0 ] ] ] } },
{ "type": "Feature", "properties": { "ID_GEOFLA": 26893, "CODE_COMM": "049", "INSEE_COM": "69049", "NOM_COMM": "CHASSELAY", "STATUT": "Commune simple", "X_CHF_LIEU": 8374, "Y_CHF_LIEU": 65320, "X_CENTROID": 8373, "Y_CENTROID": 65321, "Z_MOYEN": 262, "SUPERFICIE": 1292, "POPULATION": 2.7, "CODE_CANT": "10", "CODE_ARR": "1", "CODE_DEPT": "69", "NOM_DEPT": "RHONE", "CODE_REG": "82", "NOM_REGION": "RHONE-ALPES", "CODGEO": "69049" }, "geometry": { "type": "Polygon", "coordinates": [ [ [ 837045.0, 6529121.0 ], [ 836098.0, 6530294.0 ], [ 835460.0, 6532506.0 ], [ 836135.0, 6532803.0 ], [ 836736.0, 6534514.0 ], [ 838975.0, 6534639.0 ], [ 838678.0, 6531420.0 ], [ 838154.0, 6530108.0 ], [ 837427.0, 6529382.0 ], [ 837045.0, 6529121.0 ] ] ] } },
{ "type": "Feature", "properties": { "ID_GEOFLA": 27257, "CODE_COMM": "056", "INSEE_COM": "69056", "NOM_COMM": "CHESSY", "STATUT": "Commune simple", "X_CHF_LIEU": 8258, "Y_CHF_LIEU": 65332, "X_CENTROID": 8253, "Y_CENTROID": 65336, "Z_MOYEN": 265, "SUPERFICIE": 451, "POPULATION": 1.5, "CODE_CANT": "06", "CODE_ARR": "2", "CODE_DEPT": "69", "NOM_DEPT": "RHONE", "CODE_REG": "82", "NOM_REGION": "RHONE-ALPES", "CODGEO": "69056" }, "geometry": { "type": "Polygon", "coordinates": [ [ [ 826223.0, 6532455.0 ], [ 824565.0, 6532499.0 ], [ 824237.0, 6533187.0 ], [ 824551.0, 6535052.0 ], [ 826304.0, 6534393.0 ], [ 826526.0, 6534131.0 ], [ 826223.0, 6532455.0 ] ] ] } },
{ "type": "Feature", "properties": { "ID_GEOFLA": 27258, "CODE_COMM": "005", "INSEE_COM": "69005", "NOM_COMM": "AMBERIEUX", "STATUT": "Commune simple", "X_CHF_LIEU": 8346, "Y_CHF_LIEU": 65379, "X_CENTROID": 8349, "Y_CENTROID": 65380, "Z_MOYEN": 171, "SUPERFICIE": 458, "POPULATION": 0.5, "CODE_CANT": "02", "CODE_ARR": "2", "CODE_DEPT": "69", "NOM_DEPT": "RHONE", "CODE_REG": "82", "NOM_REGION": "RHONE-ALPES", "CODGEO": "69005" }, "geometry": { "type": "Polygon", "coordinates": [ [ [ 834422.0, 6536102.0 ], [ 834276.0, 6537122.0 ], [ 833631.0, 6538436.0 ], [ 834170.0, 6539371.0 ], [ 835151.0, 6539018.0 ], [ 836448.0, 6538777.0 ], [ 836492.0, 6538389.0 ], [ 834422.0, 6536102.0 ] ] ] } },
{ "type": "Feature", "properties": { "ID_GEOFLA": 27419, "CODE_COMM": "118", "INSEE_COM": "69118", "NOM_COMM": "LOIRE-SUR-RHONE", "STATUT": "Commune simple", "X_CHF_LIEU": 8408, "Y_CHF_LIEU": 64972, "X_CENTROID": 8391, "Y_CENTROID": 64957, "Z_MOYEN": 332, "SUPERFICIE": 1645, "POPULATION": 2.3, "CODE_CANT": "07", "CODE_ARR": "1", "CODE_DEPT": "69", "NOM_DEPT": "RHONE", "CODE_REG": "82", "NOM_REGION": "RHONE-ALPES", "CODGEO": "69118" }, "geometry": { "type": "Polygon", "coordinates": [ [ [ 838636.0, 6493159.0 ], [ 837119.0, 6493489.0 ], [ 836651.0, 6494055.0 ], [ 836554.0, 6495146.0 ], [ 836956.0, 6496156.0 ], [ 837814.0, 6496833.0 ], [ 841036.0, 6498598.0 ], [ 841644.0, 6497834.0 ], [ 842027.0, 6497086.0 ], [ 840945.0, 6496054.0 ], [ 839598.0, 6493425.0 ], [ 838636.0, 6493159.0 ] ] ] } },
{ "type": "Feature", "properties": { "ID_GEOFLA": 27520, "CODE_COMM": "082", "INSEE_COM": "69082", "NOM_COMM": "EMERINGES", "STATUT": "Commune simple", "X_CHF_LIEU": 8289, "Y_CHF_LIEU": 65706, "X_CENTROID": 8289, "Y_CENTROID": 65708, "Z_MOYEN": 371, "SUPERFICIE": 299, "POPULATION": 0.2, "CODE_CANT": "04", "CODE_ARR": "2", "CODE_DEPT": "69", "NOM_DEPT": "RHONE", "CODE_REG": "82", "NOM_REGION": "RHONE-ALPES", "CODGEO": "69082" }, "geometry": { "type": "Polygon", "coordinates": [ [ [ 829721.0, 6569494.0 ], [ 829100.0, 6569959.0 ], [ 828017.0, 6570369.0 ], [ 827413.0, 6571812.0 ], [ 829239.0, 6571248.0 ], [ 830718.0, 6571579.0 ], [ 830835.0, 6571298.0 ], [ 829584.0, 6570489.0 ], [ 829405.0, 6570157.0 ], [ 829721.0, 6569494.0 ] ] ] } },
{ "type": "Feature", "properties": { "ID_GEOFLA": 27521, "CODE_COMM": "124", "INSEE_COM": "69124", "NOM_COMM": "MARCHAMPT", "STATUT": "Commune simple", "X_CHF_LIEU": 8213, "Y_CHF_LIEU": 65581, "X_CENTROID": 8205, "Y_CENTROID": 65577, "Z_MOYEN": 570, "SUPERFICIE": 1782, "POPULATION": 0.4, "CODE_CANT": "04", "CODE_ARR": "2", "CODE_DEPT": "69", "NOM_DEPT": "RHONE", "CODE_REG": "82", "NOM_REGION": "RHONE-ALPES", "CODGEO": "69124" }, "geometry": { "type": "Polygon", "coordinates": [ [ [ 822391.0, 6555283.0 ], [ 821755.0, 6555440.0 ], [ 820843.0, 6554910.0 ], [ 819832.0, 6555125.0 ], [ 819710.0, 6555844.0 ], [ 818310.0, 6557945.0 ], [ 818151.0, 6559046.0 ], [ 819368.0, 6560505.0 ], [ 820740.0, 6559826.0 ], [ 821862.0, 6560064.0 ], [ 822463.0, 6557558.0 ], [ 822967.0, 6557027.0 ], [ 822391.0, 6555283.0 ] ] ] } },
{ "type": "Feature", "properties": { "ID_GEOFLA": 27527, "CODE_COMM": "251", "INSEE_COM": "69251", "NOM_COMM": "TRADES", "STATUT": "Commune simple", "X_CHF_LIEU": 8202, "Y_CHF_LIEU": 65765, "X_CENTROID": 8205, "Y_CENTROID": 65760, "Z_MOYEN": 448, "SUPERFICIE": 805, "POPULATION": 0.1, "CODE_CANT": "23", "CODE_ARR": "2", "CODE_DEPT": "69", "NOM_DEPT": "RHONE", "CODE_REG": "82", "NOM_REGION": "RHONE-ALPES", "CODGEO": "69251" }, "geometry": { "type": "Polygon", "coordinates": [ [ [ 822146.0, 6574045.0 ], [ 821523.0, 6573896.0 ], [ 820624.0, 6574247.0 ], [ 820610.0, 6574957.0 ], [ 820032.0, 6575397.0 ], [ 819445.0, 6575054.0 ], [ 819081.0, 6576059.0 ], [ 819186.0, 6577095.0 ], [ 819914.0, 6578305.0 ], [ 820873.0, 6578217.0 ], [ 821025.0, 6577881.0 ], [ 821097.0, 6576446.0 ], [ 822178.0, 6575503.0 ], [ 822146.0, 6574045.0 ] ] ] } },
{ "type": "Feature", "properties": { "ID_GEOFLA": 27548, "CODE_COMM": "039", "INSEE_COM": "69039", "NOM_COMM": "CHAMELET", "STATUT": "Commune simple", "X_CHF_LIEU": 8168, "Y_CHF_LIEU": 65437, "X_CENTROID": 8160, "Y_CENTROID": 65438, "Z_MOYEN": 486, "SUPERFICIE": 1474, "POPULATION": 0.7, "CODE_CANT": "06", "CODE_ARR": "2", "CODE_DEPT": "69", "NOM_DEPT": "RHONE", "CODE_REG": "82", "NOM_REGION": "RHONE-ALPES", "CODGEO": "69039" }, "geometry": { "type": "Polygon", "coordinates": [ [ [ 814748.0, 6541296.0 ], [ 812991.0, 6543229.0 ], [ 813670.0, 6543442.0 ], [ 814189.0, 6543980.0 ], [ 814316.0, 6544678.0 ], [ 815864.0, 6545657.0 ], [ 816877.0, 6545994.0 ], [ 818651.0, 6545683.0 ], [ 818810.0, 6546012.0 ], [ 818948.0, 6545641.0 ], [ 818464.0, 6544562.0 ], [ 817370.0, 6542951.0 ], [ 814748.0, 6541296.0 ] ] ] } },
{ "type": "Feature", "properties": { "ID_GEOFLA": 27986, "CODE_COMM": "020", "INSEE_COM": "69020", "NOM_COMM": "BELMONT-D'AZERGUES", "STATUT": "Commune simple", "X_CHF_LIEU": 8295, "Y_CHF_LIEU": 65311, "X_CENTROID": 8294, "Y_CENTROID": 65311, "Z_MOYEN": 291, "SUPERFICIE": 154, "POPULATION": 0.7, "CODE_CANT": "02", "CODE_ARR": "2", "CODE_DEPT": "69", "NOM_DEPT": "RHONE", "CODE_REG": "82", "NOM_REGION": "RHONE-ALPES", "CODGEO": "69020" }, "geometry": { "type": "Polygon", "coordinates": [ [ [ 829534.0, 6530135.0 ], [ 828980.0, 6530484.0 ], [ 828772.0, 6531097.0 ], [ 829189.0, 6532015.0 ], [ 829530.0, 6532057.0 ], [ 830089.0, 6531195.0 ], [ 829534.0, 6530135.0 ] ] ] } },
{ "type": "Feature", "properties": { "ID_GEOFLA": 27987, "CODE_COMM": "105", "INSEE_COM": "69105", "NOM_COMM": "LACENAS", "STATUT": "Commune simple", "X_CHF_LIEU": 8273, "Y_CHF_LIEU": 65450, "X_CENTROID": 8275, "Y_CENTROID": 65442, "Z_MOYEN": 285, "SUPERFICIE": 331, "POPULATION": 0.9, "CODE_CANT": "53", "CODE_ARR": "2", "CODE_DEPT": "69", "NOM_DEPT": "RHONE", "CODE_REG": "82", "NOM_REGION": "RHONE-ALPES", "CODGEO": "69105" }, "geometry": { "type": "Polygon", "coordinates": [ [ [ 827613.0, 6543144.0 ], [ 826951.0, 6543328.0 ], [ 826843.0, 6543655.0 ], [ 826592.0, 6543861.0 ], [ 826799.0, 6544409.0 ], [ 826600.0, 6545016.0 ], [ 827450.0, 6545478.0 ], [ 828313.0, 6545042.0 ], [ 828385.0, 6543492.0 ], [ 827613.0, 6543144.0 ] ] ] } },
{ "type": "Feature", "properties": { "ID_GEOFLA": 27988, "CODE_COMM": "127", "INSEE_COM": "69127", "NOM_COMM": "MARCY-L'ETOILE", "STATUT": "Commune simple", "X_CHF_LIEU": 8325, "Y_CHF_LIEU": 65216, "X_CENTROID": 8330, "Y_CENTROID": 65220, "Z_MOYEN": 300, "SUPERFICIE": 536, "POPULATION": 3.2, "CODE_CANT": "31", "CODE_ARR": "1", "CODE_DEPT": "69", "NOM_DEPT": "RHONE", "CODE_REG": "82", "NOM_REGION": "RHONE-ALPES", "CODGEO": "69127" }, "geometry": { "type": "Polygon", "coordinates": [ [ [ 833028.0, 6520812.0 ], [ 831701.0, 6521484.0 ], [ 831469.0, 6522604.0 ], [ 832567.0, 6523054.0 ], [ 833579.0, 6523359.0 ], [ 834539.0, 6522353.0 ], [ 834175.0, 6521162.0 ], [ 833028.0, 6520812.0 ] ] ] } },
{ "type": "Feature", "properties": { "ID_GEOFLA": 28036, "CODE_COMM": "256", "INSEE_COM": "69256", "NOM_COMM": "VAULX-EN-VELIN", "STATUT": "Chef-lieu canton", "X_CHF_LIEU": 8495, "Y_CHF_LIEU": 65226, "X_CENTROID": 8496, "Y_CENTROID": 65225, "Z_MOYEN": 174, "SUPERFICIE": 2105, "POPULATION": 40.6, "CODE_CANT": "46", "CODE_ARR": "1", "CODE_DEPT": "69", "NOM_DEPT": "RHONE", "CODE_REG": "82", "NOM_REGION": "RHONE-ALPES", "CODGEO": "69256" }, "geometry": { "type": "Polygon", "coordinates": [ [ [ 850248.0, 6517893.0 ], [ 849072.0, 6518332.0 ], [ 849231.0, 6519826.0 ], [ 847960.0, 6521116.0 ], [ 848091.0, 6522230.0 ], [ 846339.0, 6522870.0 ], [ 846019.0, 6523524.0 ], [ 846540.0, 6524059.0 ], [ 849460.0, 6524534.0 ], [ 850810.0, 6525127.0 ], [ 851543.0, 6525110.0 ], [ 852482.0, 6525368.0 ], [ 853011.0, 6524993.0 ], [ 850574.0, 6520980.0 ], [ 850248.0, 6517893.0 ] ] ] } },
{ "type": "Feature", "properties": { "ID_GEOFLA": 28048, "CODE_COMM": "183", "INSEE_COM": "69183", "NOM_COMM": "SAINT-BONNET-LE-TRONCY", "STATUT": "Commune simple", "X_CHF_LIEU": 8102, "Y_CHF_LIEU": 65549, "X_CENTROID": 8097, "Y_CENTROID": 65539, "Z_MOYEN": 687, "SUPERFICIE": 1543, "POPULATION": 0.3, "CODE_CANT": "09", "CODE_ARR": "2", "CODE_DEPT": "69", "NOM_DEPT": "RHONE", "CODE_REG": "82", "NOM_REGION": "RHONE-ALPES", "CODGEO": "69183" }, "geometry": { "type": "Polygon", "coordinates": [ [ [ 807969.0, 6551305.0 ], [ 808108.0, 6552059.0 ], [ 807594.0, 6554634.0 ], [ 808296.0, 6554934.0 ], [ 810060.0, 6556907.0 ], [ 810668.0, 6556762.0 ], [ 811466.0, 6554981.0 ], [ 811647.0, 6553039.0 ], [ 811415.0, 6552305.0 ], [ 807969.0, 6551305.0 ] ] ] } },
{ "type": "Feature", "properties": { "ID_GEOFLA": 28337, "CODE_COMM": "237", "INSEE_COM": "69237", "NOM_COMM": "SAINT-SORLIN", "STATUT": "Commune simple", "X_CHF_LIEU": 8277, "Y_CHF_LIEU": 65037, "X_CENTROID": 8270, "Y_CENTROID": 65035, "Z_MOYEN": 519, "SUPERFICIE": 471, "POPULATION": 0.7, "CODE_CANT": "24", "CODE_ARR": "1", "CODE_DEPT": "69", "NOM_DEPT": "RHONE", "CODE_REG": "82", "NOM_REGION": "RHONE-ALPES", "CODGEO": "69237" }, "geometry": { "type": "Polygon", "coordinates": [ [ [ 827752.0, 6502598.0 ], [ 825992.0, 6502685.0 ], [ 825093.0, 6503051.0 ], [ 825078.0, 6503106.0 ], [ 825582.0, 6504196.0 ], [ 825735.0, 6503851.0 ], [ 826485.0, 6503921.0 ], [ 827799.0, 6504629.0 ], [ 828533.0, 6504610.0 ], [ 828657.0, 6503849.0 ], [ 827752.0, 6502598.0 ] ] ] } },
{ "type": "Feature", "properties": { "ID_GEOFLA": 28338, "CODE_COMM": "043", "INSEE_COM": "69043", "NOM_COMM": "CHAPONOST", "STATUT": "Commune simple", "X_CHF_LIEU": 8355, "Y_CHF_LIEU": 65137, "X_CENTROID": 8357, "Y_CENTROID": 65136, "Z_MOYEN": 291, "SUPERFICIE": 1620, "POPULATION": 8.0, "CODE_CANT": "26", "CODE_ARR": "1", "CODE_DEPT": "69", "NOM_DEPT": "RHONE", "CODE_REG": "82", "NOM_REGION": "RHONE-ALPES", "CODGEO": "69043" }, "geometry": { "type": "Polygon", "coordinates": [ [ [ 837300.0, 6511529.0 ], [ 834538.0, 6511643.0 ], [ 833056.0, 6512429.0 ], [ 833546.0, 6514248.0 ], [ 834990.0, 6515460.0 ], [ 837786.0, 6515901.0 ], [ 838450.0, 6515261.0 ], [ 838357.0, 6514877.0 ], [ 837549.0, 6513285.0 ], [ 837300.0, 6511529.0 ] ] ] } },
{ "type": "Feature", "properties": { "ID_GEOFLA": 28608, "CODE_COMM": "261", "INSEE_COM": "69261", "NOM_COMM": "VERNAY", "STATUT": "Commune simple", "X_CHF_LIEU": 8179, "Y_CHF_LIEU": 65630, "X_CENTROID": 8177, "Y_CENTROID": 65638, "Z_MOYEN": 632, "SUPERFICIE": 559, "POPULATION": 0.1, "CODE_CANT": "04", "CODE_ARR": "2", "CODE_DEPT": "69", "NOM_DEPT": "RHONE", "CODE_REG": "82", "NOM_REGION": "RHONE-ALPES", "CODGEO": "69261" }, "geometry": { "type": "Polygon", "coordinates": [ [ [ 819481.0, 6564455.0 ], [ 819379.0, 6563675.0 ], [ 818136.0, 6562734.0 ], [ 817349.0, 6562721.0 ], [ 816279.0, 6563219.0 ], [ 816417.0, 6564776.0 ], [ 817825.0, 6564979.0 ], [ 819481.0, 6564455.0 ] ] ] } },
{ "type": "Feature", "properties": { "ID_GEOFLA": 28760, "CODE_COMM": "269", "INSEE_COM": "69269", "NOM_COMM": "YZERON", "STATUT": "Commune simple", "X_CHF_LIEU": 8237, "Y_CHF_LIEU": 65133, "X_CENTROID": 8241, "Y_CENTROID": 65134, "Z_MOYEN": 710, "SUPERFICIE": 1068, "POPULATION": 1.0, "CODE_CANT": "31", "CODE_ARR": "1", "CODE_DEPT": "69", "NOM_DEPT": "RHONE", "CODE_REG": "82", "NOM_REGION": "RHONE-ALPES", "CODGEO": "69269" }, "geometry": { "type": "Polygon", "coordinates": [ [ [ 827988.0, 6512792.0 ], [ 826545.0, 6512696.0 ], [ 825776.0, 6511992.0 ], [ 823238.0, 6512303.0 ], [ 821657.0, 6512602.0 ], [ 822413.0, 6513726.0 ], [ 821829.0, 6514523.0 ], [ 823252.0, 6515035.0 ], [ 824013.0, 6514979.0 ], [ 824589.0, 6515454.0 ], [ 825121.0, 6515006.0 ], [ 825081.0, 6513987.0 ], [ 825415.0, 6513888.0 ], [ 825296.0, 6513544.0 ], [ 825587.0, 6513325.0 ], [ 827720.0, 6512950.0 ], [ 827988.0, 6512792.0 ] ] ] } },
{ "type": "Feature", "properties": { "ID_GEOFLA": 28966, "CODE_COMM": "185", "INSEE_COM": "69185", "NOM_COMM": "SAINT-CHRISTOPHE", "STATUT": "Commune simple", "X_CHF_LIEU": 8187, "Y_CHF_LIEU": 65747, "X_CENTROID": 8181, "Y_CENTROID": 65738, "Z_MOYEN": 544, "SUPERFICIE": 1455, "POPULATION": 0.2, "CODE_CANT": "23", "CODE_ARR": "2", "CODE_DEPT": "69", "NOM_DEPT": "RHONE", "CODE_REG": "82", "NOM_REGION": "RHONE-ALPES", "CODGEO": "69185" }, "geometry": { "type": "Polygon", "coordinates": [ [ [ 819067.0, 6571528.0 ], [ 817942.0, 6572508.0 ], [ 815265.0, 6572675.0 ], [ 815408.0, 6573762.0 ], [ 816327.0, 6574305.0 ], [ 815826.0, 6575243.0 ], [ 818439.0, 6575641.0 ], [ 819081.0, 6576059.0 ], [ 819445.0, 6575054.0 ], [ 820032.0, 6575397.0 ], [ 820610.0, 6574957.0 ], [ 820624.0, 6574247.0 ], [ 819768.0, 6572256.0 ], [ 819067.0, 6571528.0 ] ] ] } },
{ "type": "Feature", "properties": { "ID_GEOFLA": 29056, "CODE_COMM": "089", "INSEE_COM": "69089", "NOM_COMM": "FRANCHEVILLE", "STATUT": "Commune simple", "X_CHF_LIEU": 8371, "Y_CHF_LIEU": 65167, "X_CENTROID": 8364, "Y_CENTROID": 65168, "Z_MOYEN": 250, "SUPERFICIE": 820, "POPULATION": 11.7, "CODE_CANT": "51", "CODE_ARR": "1", "CODE_DEPT": "69", "NOM_DEPT": "RHONE", "CODE_REG": "82", "NOM_REGION": "RHONE-ALPES", "CODGEO": "69089" }, "geometry": { "type": "Polygon", "coordinates": [ [ [ 834990.0, 6515460.0 ], [ 834257.0, 6516498.0 ], [ 834327.0, 6516825.0 ], [ 836223.0, 6518247.0 ], [ 837727.0, 6518344.0 ], [ 838184.0, 6517941.0 ], [ 838462.0, 6516836.0 ], [ 837786.0, 6515901.0 ], [ 834990.0, 6515460.0 ] ] ] } },
{ "type": "Feature", "properties": { "ID_GEOFLA": 29057, "CODE_COMM": "114", "INSEE_COM": "69114", "NOM_COMM": "LIERGUES", "STATUT": "Commune simple", "X_CHF_LIEU": 8288, "Y_CHF_LIEU": 65424, "X_CENTROID": 8288, "Y_CENTROID": 65422, "Z_MOYEN": 256, "SUPERFICIE": 547, "POPULATION": 1.7, "CODE_CANT": "02", "CODE_ARR": "2", "CODE_DEPT": "69", "NOM_DEPT": "RHONE", "CODE_REG": "82", "NOM_REGION": "RHONE-ALPES", "CODGEO": "69114" }, "geometry": { "type": "Polygon", "coordinates": [ [ [ 828797.0, 6540217.0 ], [ 828628.0, 6540288.0 ], [ 828199.0, 6541701.0 ], [ 827944.0, 6541985.0 ], [ 827587.0, 6541851.0 ], [ 827613.0, 6543144.0 ], [ 828385.0, 6543492.0 ], [ 829833.0, 6543424.0 ], [ 830364.0, 6542966.0 ], [ 828797.0, 6540217.0 ] ] ] } },
{ "type": "Feature", "properties": { "ID_GEOFLA": 29205, "CODE_COMM": "252", "INSEE_COM": "69252", "NOM_COMM": "TREVES", "STATUT": "Commune simple", "X_CHF_LIEU": 8307, "Y_CHF_LIEU": 64947, "X_CENTROID": 8318, "Y_CENTROID": 64942, "Z_MOYEN": 333, "SUPERFICIE": 773, "POPULATION": 0.7, "CODE_CANT": "07", "CODE_ARR": "1", "CODE_DEPT": "69", "NOM_DEPT": "RHONE", "CODE_REG": "82", "NOM_REGION": "RHONE-ALPES", "CODGEO": "69252" }, "geometry": { "type": "Polygon", "coordinates": [ [ [ 832924.0, 6492268.0 ], [ 830547.0, 6493764.0 ], [ 830036.0, 6495101.0 ], [ 831466.0, 6496432.0 ], [ 832047.0, 6495998.0 ], [ 832257.0, 6494497.0 ], [ 833945.0, 6493648.0 ], [ 833999.0, 6493282.0 ], [ 832924.0, 6492268.0 ] ] ] } },
{ "type": "Feature", "properties": { "ID_GEOFLA": 29206, "CODE_COMM": "189", "INSEE_COM": "69189", "NOM_COMM": "SAINTE-COLOMBE", "STATUT": "Commune simple", "X_CHF_LIEU": 8456, "Y_CHF_LIEU": 64934, "X_CENTROID": 8451, "Y_CENTROID": 64934, "Z_MOYEN": 216, "SUPERFICIE": 158, "POPULATION": 1.9, "CODE_CANT": "07", "CODE_ARR": "1", "CODE_DEPT": "69", "NOM_DEPT": "RHONE", "CODE_REG": "82", "NOM_REGION": "RHONE-ALPES", "CODGEO": "69189" }, "geometry": { "type": "Polygon", "coordinates": [ [ [ 845305.0, 6492532.0 ], [ 844952.0, 6493038.0 ], [ 844038.0, 6493332.0 ], [ 844809.0, 6494062.0 ], [ 846095.0, 6493749.0 ], [ 845305.0, 6492532.0 ] ] ] } },
{ "type": "Feature", "properties": { "ID_GEOFLA": 29395, "CODE_COMM": "172", "INSEE_COM": "69172", "NOM_COMM": "SALLES-ARBUISSONNAS-EN-BEAUJOLAIS", "STATUT": "Commune simple", "X_CHF_LIEU": 8263, "Y_CHF_LIEU": 65502, "X_CENTROID": 8261, "Y_CENTROID": 65508, "Z_MOYEN": 313, "SUPERFICIE": 438, "POPULATION": 0.7, "CODE_CANT": "53", "CODE_ARR": "2", "CODE_DEPT": "69", "NOM_DEPT": "RHONE", "CODE_REG": "82", "NOM_REGION": "RHONE-ALPES", "CODGEO": "69172" }, "geometry": { "type": "Polygon", "coordinates": [ [ [ 827277.0, 6551175.0 ], [ 826859.0, 6549786.0 ], [ 825374.0, 6549560.0 ], [ 825243.0, 6549914.0 ], [ 824990.0, 6550154.0 ], [ 825356.0, 6550688.0 ], [ 825155.0, 6551353.0 ], [ 825647.0, 6552167.0 ], [ 826275.0, 6552078.0 ], [ 827277.0, 6551175.0 ] ] ] } },
{ "type": "Feature", "properties": { "ID_GEOFLA": 29396, "CODE_COMM": "291", "INSEE_COM": "69291", "NOM_COMM": "SAINT-SYMPHORIEN-D'OZON", "STATUT": "Chef-lieu canton", "X_CHF_LIEU": 8446, "Y_CHF_LIEU": 65054, "X_CENTROID": 8455, "Y_CENTROID": 65064, "Z_MOYEN": 209, "SUPERFICIE": 1344, "POPULATION": 5.2, "CODE_CANT": "38", "CODE_ARR": "1", "CODE_DEPT": "69", "NOM_DEPT": "RHONE", "CODE_REG": "82", "NOM_REGION": "RHONE-ALPES", "CODGEO": "69291" }, "geometry": { "type": "Polygon", "coordinates": [ [ [ 844427.0, 6503175.0 ], [ 843528.0, 6503848.0 ], [ 843045.0, 6505195.0 ], [ 844118.0, 6505602.0 ], [ 844470.0, 6506303.0 ], [ 844623.0, 6508644.0 ], [ 847059.0, 6508928.0 ], [ 847690.0, 6508590.0 ], [ 847392.0, 6506462.0 ], [ 847138.0, 6505290.0 ], [ 845608.0, 6505049.0 ], [ 844544.0, 6503939.0 ], [ 844427.0, 6503175.0 ] ] ] } },
{ "type": "Feature", "properties": { "ID_GEOFLA": 29397, "CODE_COMM": "153", "INSEE_COM": "69153", "NOM_COMM": "POLEYMIEUX-AU-MONT-D'OR", "STATUT": "Commune simple", "X_CHF_LIEU": 8396, "Y_CHF_LIEU": 65300, "X_CENTROID": 8392, "Y_CENTROID": 65299, "Z_MOYEN": 460, "SUPERFICIE": 626, "POPULATION": 1.2, "CODE_CANT": "25", "CODE_ARR": "1", "CODE_DEPT": "69", "NOM_DEPT": "RHONE", "CODE_REG": "82", "NOM_REGION": "RHONE-ALPES", "CODGEO": "69153" }, "geometry": { "type": "Polygon", "coordinates": [ [ [ 838673.0, 6528502.0 ], [ 837427.0, 6529382.0 ], [ 838154.0, 6530108.0 ], [ 838678.0, 6531420.0 ], [ 840163.0, 6531502.0 ], [ 840679.0, 6529954.0 ], [ 840143.0, 6528650.0 ], [ 839188.0, 6528563.0 ], [ 838673.0, 6528502.0 ] ] ] } },
{ "type": "Feature", "properties": { "ID_GEOFLA": 29398, "CODE_COMM": "025", "INSEE_COM": "69025", "NOM_COMM": "BOURG-DE-THIZY", "STATUT": "Commune simple", "X_CHF_LIEU": 8004, "Y_CHF_LIEU": 65490, "X_CENTROID": 7995, "Y_CENTROID": 65498, "Z_MOYEN": 438, "SUPERFICIE": 1440, "POPULATION": 2.6, "CODE_CANT": "30", "CODE_ARR": "2", "CODE_DEPT": "69", "NOM_DEPT": "RHONE", "CODE_REG": "82", "NOM_REGION": "RHONE-ALPES", "CODGEO": "69025" }, "geometry": { "type": "Polygon", "coordinates": [ [ [ 800959.0, 6547693.0 ], [ 799624.0, 6547325.0 ], [ 799021.0, 6547694.0 ], [ 798211.0, 6548987.0 ], [ 797490.0, 6549256.0 ], [ 796734.0, 6550702.0 ], [ 796911.0, 6550994.0 ], [ 797191.0, 6551235.0 ], [ 797900.0, 6551031.0 ], [ 799356.0, 6551244.0 ], [ 800284.0, 6552344.0 ], [ 801585.0, 6551419.0 ], [ 801883.0, 6551137.0 ], [ 801468.0, 6550594.0 ], [ 801438.0, 6549917.0 ], [ 801091.0, 6548914.0 ], [ 801407.0, 6548263.0 ], [ 800959.0, 6547693.0 ] ] ] } },
{ "type": "Feature", "properties": { "ID_GEOFLA": 29517, "CODE_COMM": "120", "INSEE_COM": "69120", "NOM_COMM": "LONGESSAIGNE", "STATUT": "Commune simple", "X_CHF_LIEU": 8106, "Y_CHF_LIEU": 65223, "X_CENTROID": 8108, "Y_CENTROID": 65216, "Z_MOYEN": 680, "SUPERFICIE": 1199, "POPULATION": 0.6, "CODE_CANT": "27", "CODE_ARR": "1", "CODE_DEPT": "69", "NOM_DEPT": "RHONE", "CODE_REG": "82", "NOM_REGION": "RHONE-ALPES", "CODGEO": "69120" }, "geometry": { "type": "Polygon", "coordinates": [ [ [ 812737.0, 6519312.0 ], [ 812259.0, 6519909.0 ], [ 811515.0, 6520099.0 ], [ 809307.0, 6520075.0 ], [ 809350.0, 6520786.0 ], [ 808613.0, 6522474.0 ], [ 808590.0, 6522845.0 ], [ 809892.0, 6523544.0 ], [ 811735.0, 6523632.0 ], [ 812277.0, 6522604.0 ], [ 812208.0, 6521446.0 ], [ 813464.0, 6519535.0 ], [ 812737.0, 6519312.0 ] ] ] } },
{ "type": "Feature", "properties": { "ID_GEOFLA": 29518, "CODE_COMM": "027", "INSEE_COM": "69027", "NOM_COMM": "BRIGNAIS", "STATUT": "Commune simple", "X_CHF_LIEU": 8365, "Y_CHF_LIEU": 65097, "X_CENTROID": 8364, "Y_CENTROID": 65102, "Z_MOYEN": 244, "SUPERFICIE": 1030, "POPULATION": 11.6, "CODE_CANT": "26", "CODE_ARR": "1", "CODE_DEPT": "69", "NOM_DEPT": "RHONE", "CODE_REG": "82", "NOM_REGION": "RHONE-ALPES", "CODGEO": "69027" }, "geometry": { "type": "Polygon", "coordinates": [ [ [ 836381.0, 6508080.0 ], [ 835354.0, 6509578.0 ], [ 834313.0, 6509876.0 ], [ 834538.0, 6511643.0 ], [ 837300.0, 6511529.0 ], [ 838009.0, 6511362.0 ], [ 838663.0, 6509704.0 ], [ 837669.0, 6509282.0 ], [ 836381.0, 6508080.0 ] ] ] } },
{ "type": "Feature", "properties": { "ID_GEOFLA": 29519, "CODE_COMM": "203", "INSEE_COM": "69203", "NOM_COMM": "SAINT-GENIS-L'ARGENTIERE", "STATUT": "Commune simple", "X_CHF_LIEU": 8160, "Y_CHF_LIEU": 65133, "X_CENTROID": 8163, "Y_CENTROID": 65137, "Z_MOYEN": 526, "SUPERFICIE": 1081, "POPULATION": 1.0, "CODE_CANT": "27", "CODE_ARR": "1", "CODE_DEPT": "69", "NOM_DEPT": "RHONE", "CODE_REG": "82", "NOM_REGION": "RHONE-ALPES", "CODGEO": "69203" }, "geometry": { "type": "Polygon", "coordinates": [ [ [ 817034.0, 6511102.0 ], [ 815663.0, 6511646.0 ], [ 815043.0, 6512548.0 ], [ 815044.0, 6513521.0 ], [ 814729.0, 6513668.0 ], [ 814120.0, 6513335.0 ], [ 813597.0, 6514109.0 ], [ 815264.0, 6514884.0 ], [ 815974.0, 6514737.0 ], [ 816993.0, 6515659.0 ], [ 817693.0, 6516499.0 ], [ 818430.0, 6516661.0 ], [ 818300.0, 6515498.0 ], [ 817128.0, 6514065.0 ], [ 817547.0, 6511553.0 ], [ 817034.0, 6511102.0 ] ] ] } },
{ "type": "Feature", "properties": { "ID_GEOFLA": 30097, "CODE_COMM": "176", "INSEE_COM": "69176", "NOM_COMM": "SOUCIEU-EN-JARREST", "STATUT": "Commune simple", "X_CHF_LIEU": 8326, "Y_CHF_LIEU": 65101, "X_CENTROID": 8317, "Y_CENTROID": 65100, "Z_MOYEN": 357, "SUPERFICIE": 1421, "POPULATION": 3.6, "CODE_CANT": "24", "CODE_ARR": "1", "CODE_DEPT": "69", "NOM_DEPT": "RHONE", "CODE_REG": "82", "NOM_REGION": "RHONE-ALPES", "CODGEO": "69176" }, "geometry": { "type": "Polygon", "coordinates": [ [ [ 828781.0, 6507355.0 ], [ 828653.0, 6507566.0 ], [ 828836.0, 6507890.0 ], [ 829471.0, 6509593.0 ], [ 830339.0, 6510195.0 ], [ 832175.0, 6512400.0 ], [ 832877.0, 6512561.0 ], [ 833056.0, 6512429.0 ], [ 834538.0, 6511643.0 ], [ 834313.0, 6509876.0 ], [ 833584.0, 6510079.0 ], [ 831578.0, 6508381.0 ], [ 830266.0, 6507641.0 ], [ 828781.0, 6507355.0 ] ] ] } },
{ "type": "Feature", "properties": { "ID_GEOFLA": 30136, "CODE_COMM": "259", "INSEE_COM": "69259", "NOM_COMM": "VENISSIEUX", "STATUT": "Chef-lieu canton", "X_CHF_LIEU": 8467, "Y_CHF_LIEU": 65125, "X_CENTROID": 8463, "Y_CENTROID": 65133, "Z_MOYEN": 195, "SUPERFICIE": 1535, "POPULATION": 56.9, "CODE_CANT": "97", "CODE_ARR": "1", "CODE_DEPT": "69", "NOM_DEPT": "RHONE", "CODE_REG": "82", "NOM_REGION": "RHONE-ALPES", "CODGEO": "69259" }, "geometry": { "type": "Polygon", "coordinates": [ [ [ 846861.0, 6509749.0 ], [ 845600.0, 6511506.0 ], [ 844883.0, 6511569.0 ], [ 844574.0, 6512618.0 ], [ 845122.0, 6513030.0 ], [ 845017.0, 6514124.0 ], [ 843873.0, 6514960.0 ], [ 844231.0, 6515070.0 ], [ 844379.0, 6516132.0 ], [ 846427.0, 6515261.0 ], [ 846765.0, 6515420.0 ], [ 846753.0, 6515794.0 ], [ 848529.0, 6514945.0 ], [ 847525.0, 6513425.0 ], [ 848771.0, 6511656.0 ], [ 847325.0, 6511196.0 ], [ 846861.0, 6509749.0 ] ] ] } },
{ "type": "Feature", "properties": { "ID_GEOFLA": 30369, "CODE_COMM": "198", "INSEE_COM": "69198", "NOM_COMM": "SAINT-ETIENNE-LA-VARENNE", "STATUT": "Commune simple", "X_CHF_LIEU": 8260, "Y_CHF_LIEU": 65542, "X_CENTROID": 8253, "Y_CENTROID": 65543, "Z_MOYEN": 385, "SUPERFICIE": 641, "POPULATION": 0.7, "CODE_CANT": "05", "CODE_ARR": "2", "CODE_DEPT": "69", "NOM_DEPT": "RHONE", "CODE_REG": "82", "NOM_REGION": "RHONE-ALPES", "CODGEO": "69198" }, "geometry": { "type": "Polygon", "coordinates": [ [ [ 825656.0, 6552688.0 ], [ 823093.0, 6554493.0 ], [ 823825.0, 6554717.0 ], [ 824903.0, 6555812.0 ], [ 827078.0, 6554894.0 ], [ 827175.0, 6554192.0 ], [ 825656.0, 6552688.0 ] ] ] } },
{ "type": "Feature", "properties": { "ID_GEOFLA": 30469, "CODE_COMM": "051", "INSEE_COM": "69051", "NOM_COMM": "CHAUSSAN", "STATUT": "Commune simple", "X_CHF_LIEU": 8277, "Y_CHF_LIEU": 65051, "X_CENTROID": 8273, "Y_CENTROID": 65055, "Z_MOYEN": 537, "SUPERFICIE": 794, "POPULATION": 0.9, "CODE_CANT": "24", "CODE_ARR": "1", "CODE_DEPT": "69", "NOM_DEPT": "RHONE", "CODE_REG": "82", "NOM_REGION": "RHONE-ALPES", "CODGEO": "69051" }, "geometry": { "type": "Polygon", "coordinates": [ [ [ 828533.0, 6504610.0 ], [ 827799.0, 6504629.0 ], [ 826485.0, 6503921.0 ], [ 825735.0, 6503851.0 ], [ 825582.0, 6504196.0 ], [ 825415.0, 6505656.0 ], [ 826494.0, 6506049.0 ], [ 828653.0, 6507566.0 ], [ 828781.0, 6507355.0 ], [ 829188.0, 6506805.0 ], [ 828906.0, 6506180.0 ], [ 828814.0, 6504813.0 ], [ 828533.0, 6504610.0 ] ] ] } },
{ "type": "Feature", "properties": { "ID_GEOFLA": 30470, "CODE_COMM": "059", "INSEE_COM": "69059", "NOM_COMM": "CIVRIEUX-D'AZERGUES", "STATUT": "Commune simple", "X_CHF_LIEU": 8329, "Y_CHF_LIEU": 65301, "X_CENTROID": 8327, "Y_CENTROID": 65298, "Z_MOYEN": 233, "SUPERFICIE": 492, "POPULATION": 1.4, "CODE_CANT": "10", "CODE_ARR": "1", "CODE_DEPT": "69", "NOM_DEPT": "RHONE", "CODE_REG": "82", "NOM_REGION": "RHONE-ALPES", "CODGEO": "69059" }, "geometry": { "type": "Polygon", "coordinates": [ [ [ 831927.0, 6528275.0 ], [ 831754.0, 6530200.0 ], [ 831826.0, 6530554.0 ], [ 833501.0, 6531814.0 ], [ 833323.0, 6531128.0 ], [ 834023.0, 6529176.0 ], [ 833063.0, 6528539.0 ], [ 831927.0, 6528275.0 ] ] ] } },
{ "type": "Feature", "properties": { "ID_GEOFLA": 30528, "CODE_COMM": "275", "INSEE_COM": "69275", "NOM_COMM": "DECINES-CHARPIEU", "STATUT": "Chef-lieu canton", "X_CHF_LIEU": 8522, "Y_CHF_LIEU": 65206, "X_CENTROID": 8524, "Y_CENTROID": 65210, "Z_MOYEN": 189, "SUPERFICIE": 1706, "POPULATION": 25.0, "CODE_CANT": "44", "CODE_ARR": "1", "CODE_DEPT": "69", "NOM_DEPT": "RHONE", "CODE_REG": "82", "NOM_REGION": "RHONE-ALPES", "CODGEO": "69275" }, "geometry": { "type": "Polygon", "coordinates": [ [ [ 850248.0, 6517893.0 ], [ 850574.0, 6520980.0 ], [ 853011.0, 6524993.0 ], [ 853789.0, 6524841.0 ], [ 853497.0, 6522980.0 ], [ 854205.0, 6521704.0 ], [ 854279.0, 6519067.0 ], [ 852762.0, 6518847.0 ], [ 850248.0, 6517893.0 ] ] ] } },
{ "type": "Feature", "properties": { "ID_GEOFLA": 30730, "CODE_COMM": "104", "INSEE_COM": "69104", "NOM_COMM": "JULLIE", "STATUT": "Commune simple", "X_CHF_LIEU": 8292, "Y_CHF_LIEU": 65727, "X_CENTROID": 8282, "Y_CENTROID": 65728, "Z_MOYEN": 463, "SUPERFICIE": 979, "POPULATION": 0.4, "CODE_CANT": "04", "CODE_ARR": "2", "CODE_DEPT": "69", "NOM_DEPT": "RHONE", "CODE_REG": "82", "NOM_REGION": "RHONE-ALPES", "CODGEO": "69104" }, "geometry": { "type": "Polygon", "coordinates": [ [ [ 830718.0, 6571579.0 ], [ 829239.0, 6571248.0 ], [ 827413.0, 6571812.0 ], [ 825592.0, 6573346.0 ], [ 826577.0, 6574067.0 ], [ 827614.0, 6574237.0 ], [ 828070.0, 6574759.0 ], [ 828927.0, 6574257.0 ], [ 830718.0, 6571579.0 ] ] ] } },
{ "type": "Feature", "properties": { "ID_GEOFLA": 30876, "CODE_COMM": "090", "INSEE_COM": "69090", "NOM_COMM": "FRONTENAS", "STATUT": "Commune simple", "X_CHF_LIEU": 8253, "Y_CHF_LIEU": 65374, "X_CENTROID": 8264, "Y_CENTROID": 65371, "Z_MOYEN": 340, "SUPERFICIE": 348, "POPULATION": 0.8, "CODE_CANT": "06", "CODE_ARR": "2", "CODE_DEPT": "69", "NOM_DEPT": "RHONE", "CODE_REG": "82", "NOM_REGION": "RHONE-ALPES", "CODGEO": "69090" }, "geometry": { "type": "Polygon", "coordinates": [ [ [ 827651.0, 6535371.0 ], [ 825886.0, 6536825.0 ], [ 825511.0, 6536739.0 ], [ 824920.0, 6537232.0 ], [ 825011.0, 6537931.0 ], [ 827931.0, 6537964.0 ], [ 828075.0, 6537620.0 ], [ 826993.0, 6537311.0 ], [ 827759.0, 6535634.0 ], [ 827651.0, 6535371.0 ] ] ] } },
{ "type": "Feature", "properties": { "ID_GEOFLA": 30877, "CODE_COMM": "072", "INSEE_COM": "69072", "NOM_COMM": "DARDILLY", "STATUT": "Commune simple", "X_CHF_LIEU": 8361, "Y_CHF_LIEU": 65243, "X_CENTROID": 8356, "Y_CENTROID": 65250, "Z_MOYEN": 309, "SUPERFICIE": 1400, "POPULATION": 8.4, "CODE_CANT": "52", "CODE_ARR": "1", "CODE_DEPT": "69", "NOM_DEPT": "RHONE", "CODE_REG": "82", "NOM_REGION": "RHONE-ALPES", "CODGEO": "69072" }, "geometry": { "type": "Polygon", "coordinates": [ [ [ 834539.0, 6522353.0 ], [ 834576.0, 6523097.0 ], [ 834030.0, 6524118.0 ], [ 834226.0, 6525233.0 ], [ 833719.0, 6526267.0 ], [ 834665.0, 6526834.0 ], [ 834742.0, 6527896.0 ], [ 835562.0, 6528059.0 ], [ 837276.0, 6525996.0 ], [ 837522.0, 6524091.0 ], [ 837495.0, 6523901.0 ], [ 836141.0, 6522724.0 ], [ 834539.0, 6522353.0 ] ] ] } },
{ "type": "Feature", "properties": { "ID_GEOFLA": 30879, "CODE_COMM": "202", "INSEE_COM": "69202", "NOM_COMM": "SAINTE-FOY-LES-LYON", "STATUT": "Chef-lieu canton", "X_CHF_LIEU": 8401, "Y_CHF_LIEU": 65165, "X_CENTROID": 8394, "Y_CENTROID": 65167, "Z_MOYEN": 263, "SUPERFICIE": 686, "POPULATION": 22.2, "CODE_CANT": "50", "CODE_ARR": "1", "CODE_DEPT": "69", "NOM_DEPT": "RHONE", "CODE_REG": "82", "NOM_REGION": "RHONE-ALPES", "CODGEO": "69202" }, "geometry": { "type": "Polygon", "coordinates": [ [ [ 838450.0, 6515261.0 ], [ 837786.0, 6515901.0 ], [ 838462.0, 6516836.0 ], [ 838184.0, 6517941.0 ], [ 838909.0, 6517793.0 ], [ 840290.0, 6518375.0 ], [ 840982.0, 6518082.0 ], [ 840219.0, 6515321.0 ], [ 838450.0, 6515261.0 ] ] ] } },
{ "type": "Feature", "properties": { "ID_GEOFLA": 31257, "CODE_COMM": "279", "INSEE_COM": "69279", "NOM_COMM": "JONAGE", "STATUT": "Commune simple", "X_CHF_LIEU": 8589, "Y_CHF_LIEU": 65239, "X_CENTROID": 8585, "Y_CENTROID": 65233, "Z_MOYEN": 194, "SUPERFICIE": 1203, "POPULATION": 5.8, "CODE_CANT": "37", "CODE_ARR": "1", "CODE_DEPT": "69", "NOM_DEPT": "RHONE", "CODE_REG": "82", "NOM_REGION": "RHONE-ALPES", "CODGEO": "69279" }, "geometry": { "type": "Polygon", "coordinates": [ [ [ 860012.0, 6522360.0 ], [ 859343.0, 6520567.0 ], [ 858240.0, 6520717.0 ], [ 857716.0, 6521224.0 ], [ 857742.0, 6523167.0 ], [ 856521.0, 6524133.0 ], [ 856612.0, 6524887.0 ], [ 857566.0, 6525330.0 ], [ 858243.0, 6525233.0 ], [ 859164.0, 6525684.0 ], [ 859819.0, 6525449.0 ], [ 859942.0, 6523445.0 ], [ 860012.0, 6522360.0 ] ] ] } },
{ "type": "Feature", "properties": { "ID_GEOFLA": 31617, "CODE_COMM": "278", "INSEE_COM": "69278", "NOM_COMM": "GENAY", "STATUT": "Commune simple", "X_CHF_LIEU": 8427, "Y_CHF_LIEU": 65346, "X_CENTROID": 8425, "Y_CENTROID": 65348, "Z_MOYEN": 225, "SUPERFICIE": 862, "POPULATION": 4.8, "CODE_CANT": "25", "CODE_ARR": "1", "CODE_DEPT": "69", "NOM_DEPT": "RHONE", "CODE_REG": "82", "NOM_REGION": "RHONE-ALPES", "CODGEO": "69278" }, "geometry": { "type": "Polygon", "coordinates": [ [ [ 840737.0, 6533251.0 ], [ 839959.0, 6534561.0 ], [ 843322.0, 6536476.0 ], [ 843646.0, 6535850.0 ], [ 845019.0, 6535434.0 ], [ 845153.0, 6534372.0 ], [ 844696.0, 6534076.0 ], [ 844437.0, 6534764.0 ], [ 844054.0, 6534773.0 ], [ 842895.0, 6533796.0 ], [ 841771.0, 6533750.0 ], [ 840737.0, 6533251.0 ] ] ] } },
{ "type": "Feature", "properties": { "ID_GEOFLA": 31768, "CODE_COMM": "064", "INSEE_COM": "69064", "NOM_COMM": "CONDRIEU", "STATUT": "Chef-lieu canton", "X_CHF_LIEU": 8381, "Y_CHF_LIEU": 64863, "X_CENTROID": 8372, "Y_CENTROID": 64876, "Z_MOYEN": 281, "SUPERFICIE": 918, "POPULATION": 3.7, "CODE_CANT": "07", "CODE_ARR": "1", "CODE_DEPT": "69", "NOM_DEPT": "RHONE", "CODE_REG": "82", "NOM_REGION": "RHONE-ALPES", "CODGEO": "69064" }, "geometry": { "type": "Polygon", "coordinates": [ [ [ 838795.0, 6485424.0 ], [ 838231.0, 6485730.0 ], [ 837308.0, 6485557.0 ], [ 835770.0, 6487413.0 ], [ 836171.0, 6487941.0 ], [ 835785.0, 6489018.0 ], [ 834471.0, 6489792.0 ], [ 834592.0, 6489891.0 ], [ 837108.0, 6489705.0 ], [ 838009.0, 6488135.0 ], [ 839075.0, 6487145.0 ], [ 839208.0, 6485830.0 ], [ 839071.0, 6485522.0 ], [ 838795.0, 6485424.0 ] ] ] } },
{ "type": "Feature", "properties": { "ID_GEOFLA": 31866, "CODE_COMM": "242", "INSEE_COM": "69242", "NOM_COMM": "TAPONAS", "STATUT": "Commune simple", "X_CHF_LIEU": 8364, "Y_CHF_LIEU": 65595, "X_CENTROID": 8360, "Y_CENTROID": 65599, "Z_MOYEN": 175, "SUPERFICIE": 756, "POPULATION": 0.8, "CODE_CANT": "05", "CODE_ARR": "2", "CODE_DEPT": "69", "NOM_DEPT": "RHONE", "CODE_REG": "82", "NOM_REGION": "RHONE-ALPES", "CODGEO": "69242" }, "geometry": { "type": "Polygon", "coordinates": [ [ [ 836485.0, 6557831.0 ], [ 835146.0, 6558352.0 ], [ 834964.0, 6558685.0 ], [ 835261.0, 6559781.0 ], [ 834618.0, 6561151.0 ], [ 834741.0, 6561510.0 ], [ 835445.0, 6561732.0 ], [ 837998.0, 6560571.0 ], [ 836841.0, 6559072.0 ], [ 836485.0, 6557831.0 ] ] ] } },
{ "type": "Feature", "properties": { "ID_GEOFLA": 31908, "CODE_COMM": "057", "INSEE_COM": "69057", "NOM_COMM": "CHEVINAY", "STATUT": "Commune simple", "X_CHF_LIEU": 8249, "Y_CHF_LIEU": 65202, "X_CENTROID": 8240, "Y_CENTROID": 65205, "Z_MOYEN": 450, "SUPERFICIE": 870, "POPULATION": 0.5, "CODE_CANT": "03", "CODE_ARR": "1", "CODE_DEPT": "69", "NOM_DEPT": "RHONE", "CODE_REG": "82", "NOM_REGION": "RHONE-ALPES", "CODGEO": "69057" }, "geometry": { "type": "Polygon", "coordinates": [ [ [ 825731.0, 6518682.0 ], [ 823883.0, 6518723.0 ], [ 823380.0, 6519743.0 ], [ 822130.0, 6520611.0 ], [ 823128.0, 6522176.0 ], [ 823417.0, 6523262.0 ], [ 823680.0, 6523105.0 ], [ 824471.0, 6522255.0 ], [ 825353.0, 6519735.0 ], [ 826390.0, 6519210.0 ], [ 825731.0, 6518682.0 ] ] ] } },
{ "type": "Feature", "properties": { "ID_GEOFLA": 31999, "CODE_COMM": "154", "INSEE_COM": "69154", "NOM_COMM": "POLLIONNAY", "STATUT": "Commune simple", "X_CHF_LIEU": 8290, "Y_CHF_LIEU": 65196, "X_CENTROID": 8289, "Y_CENTROID": 65201, "Z_MOYEN": 464, "SUPERFICIE": 1575, "POPULATION": 1.9, "CODE_CANT": "31", "CODE_ARR": "1", "CODE_DEPT": "69", "NOM_DEPT": "RHONE", "CODE_REG": "82", "NOM_REGION": "RHONE-ALPES", "CODGEO": "69154" }, "geometry": { "type": "Polygon", "coordinates": [ [ [ 827787.0, 6517830.0 ], [ 827214.0, 6518322.0 ], [ 825745.0, 6518641.0 ], [ 825731.0, 6518682.0 ], [ 826390.0, 6519210.0 ], [ 827415.0, 6521140.0 ], [ 828737.0, 6522637.0 ], [ 830417.0, 6522848.0 ], [ 830446.0, 6520621.0 ], [ 831645.0, 6519226.0 ], [ 831937.0, 6518979.0 ], [ 831705.0, 6518676.0 ], [ 829447.0, 6518618.0 ], [ 827787.0, 6517830.0 ] ] ] } },
{ "type": "Feature", "properties": { "ID_GEOFLA": 32000, "CODE_COMM": "180", "INSEE_COM": "69180", "NOM_COMM": "SAINT-ANDRE-LA-COTE", "STATUT": "Commune simple", "X_CHF_LIEU": 8247, "Y_CHF_LIEU": 65046, "X_CENTROID": 8244, "Y_CENTROID": 65048, "Z_MOYEN": 815, "SUPERFICIE": 483, "POPULATION": 0.3, "CODE_CANT": "24", "CODE_ARR": "1", "CODE_DEPT": "69", "NOM_DEPT": "RHONE", "CODE_REG": "82", "NOM_REGION": "RHONE-ALPES", "CODGEO": "69180" }, "geometry": { "type": "Polygon", "coordinates": [ [ [ 825078.0, 6503106.0 ], [ 823481.0, 6504418.0 ], [ 822994.0, 6504883.0 ], [ 823938.0, 6506473.0 ], [ 825415.0, 6505656.0 ], [ 825582.0, 6504196.0 ], [ 825078.0, 6503106.0 ] ] ] } },
{ "type": "Feature", "properties": { "ID_GEOFLA": 32091, "CODE_COMM": "277", "INSEE_COM": "69277", "NOM_COMM": "GENAS", "STATUT": "Commune simple", "X_CHF_LIEU": 8556, "Y_CHF_LIEU": 65166, "X_CENTROID": 8567, "Y_CENTROID": 65164, "Z_MOYEN": 223, "SUPERFICIE": 2408, "POPULATION": 11.5, "CODE_CANT": "44", "CODE_ARR": "1", "CODE_DEPT": "69", "NOM_DEPT": "RHONE", "CODE_REG": "82", "NOM_REGION": "RHONE-ALPES", "CODGEO": "69277" }, "geometry": { "type": "Polygon", "coordinates": [ [ [ 860247.0, 6515349.0 ], [ 858397.0, 6515789.0 ], [ 857696.0, 6514881.0 ], [ 857436.0, 6513832.0 ], [ 856686.0, 6513704.0 ], [ 855595.0, 6514035.0 ], [ 853789.0, 6514658.0 ], [ 853503.0, 6515372.0 ], [ 854120.0, 6517145.0 ], [ 855047.0, 6518311.0 ], [ 856861.0, 6518940.0 ], [ 859163.0, 6518890.0 ], [ 859925.0, 6516811.0 ], [ 860247.0, 6515349.0 ] ] ] } },
{ "type": "Feature", "properties": { "ID_GEOFLA": 32387, "CODE_COMM": "101", "INSEE_COM": "69101", "NOM_COMM": "JARNIOUX", "STATUT": "Commune simple", "X_CHF_LIEU": 8260, "Y_CHF_LIEU": 65418, "X_CENTROID": 8263, "Y_CENTROID": 65423, "Z_MOYEN": 323, "SUPERFICIE": 424, "POPULATION": 0.5, "CODE_CANT": "06", "CODE_ARR": "2", "CODE_DEPT": "69", "NOM_DEPT": "RHONE", "CODE_REG": "82", "NOM_REGION": "RHONE-ALPES", "CODGEO": "69101" }, "geometry": { "type": "Polygon", "coordinates": [ [ [ 825690.0, 6540818.0 ], [ 825298.0, 6542129.0 ], [ 825564.0, 6543158.0 ], [ 825261.0, 6543344.0 ], [ 826843.0, 6543655.0 ], [ 826951.0, 6543328.0 ], [ 827613.0, 6543144.0 ], [ 827587.0, 6541851.0 ], [ 826857.0, 6541823.0 ], [ 826231.0, 6541003.0 ], [ 825690.0, 6540818.0 ] ] ] } },
{ "type": "Feature", "properties": { "ID_GEOFLA": 32388, "CODE_COMM": "177", "INSEE_COM": "69177", "NOM_COMM": "SOURCIEUX-LES-MINES", "STATUT": "Commune simple", "X_CHF_LIEU": 8260, "Y_CHF_LIEU": 65242, "X_CENTROID": 8267, "Y_CENTROID": 65233, "Z_MOYEN": 421, "SUPERFICIE": 995, "POPULATION": 1.9, "CODE_CANT": "03", "CODE_ARR": "1", "CODE_DEPT": "69", "NOM_DEPT": "RHONE", "CODE_REG": "82", "NOM_REGION": "RHONE-ALPES", "CODGEO": "69177" }, "geometry": { "type": "Polygon", "coordinates": [ [ [ 827415.0, 6521140.0 ], [ 825861.0, 6522224.0 ], [ 824718.0, 6524170.0 ], [ 825418.0, 6525348.0 ], [ 826707.0, 6525402.0 ], [ 827135.0, 6524424.0 ], [ 828622.0, 6523360.0 ], [ 828737.0, 6522637.0 ], [ 827415.0, 6521140.0 ] ] ] } },
{ "type": "Feature", "properties": { "ID_GEOFLA": 32389, "CODE_COMM": "156", "INSEE_COM": "69156", "NOM_COMM": "POMMIERS", "STATUT": "Commune simple", "X_CHF_LIEU": 8310, "Y_CHF_LIEU": 65409, "X_CENTROID": 8307, "Y_CENTROID": 65412, "Z_MOYEN": 281, "SUPERFICIE": 773, "POPULATION": 2.1, "CODE_CANT": "02", "CODE_ARR": "2", "CODE_DEPT": "69", "NOM_DEPT": "RHONE", "CODE_REG": "82", "NOM_REGION": "RHONE-ALPES", "CODGEO": "69156" }, "geometry": { "type": "Polygon", "coordinates": [ [ [ 833316.0, 6541742.0 ], [ 830079.0, 6539362.0 ], [ 828831.0, 6540091.0 ], [ 828797.0, 6540217.0 ], [ 830364.0, 6542966.0 ], [ 830621.0, 6542745.0 ], [ 831194.0, 6543104.0 ], [ 831838.0, 6542159.0 ], [ 833316.0, 6541742.0 ] ] ] } },
{ "type": "Feature", "properties": { "ID_GEOFLA": 32390, "CODE_COMM": "192", "INSEE_COM": "69192", "NOM_COMM": "SAINT-CYR-LE-CHATOUX", "STATUT": "Commune simple", "X_CHF_LIEU": 8203, "Y_CHF_LIEU": 65485, "X_CENTROID": 8190, "Y_CENTROID": 65491, "Z_MOYEN": 611, "SUPERFICIE": 622, "POPULATION": 0.1, "CODE_CANT": "53", "CODE_ARR": "2", "CODE_DEPT": "69", "NOM_DEPT": "RHONE", "CODE_REG": "82", "NOM_REGION": "RHONE-ALPES", "CODGEO": "69192" }, "geometry": { "type": "Polygon", "coordinates": [ [ [ 819173.0, 6547632.0 ], [ 818688.0, 6548174.0 ], [ 817256.0, 6548570.0 ], [ 817224.0, 6549313.0 ], [ 817805.0, 6549637.0 ], [ 818787.0, 6550988.0 ], [ 820803.0, 6548815.0 ], [ 820844.0, 6548437.0 ], [ 819173.0, 6547632.0 ] ] ] } },
{ "type": "Feature", "properties": { "ID_GEOFLA": 32391, "CODE_COMM": "146", "INSEE_COM": "69146", "NOM_COMM": "OINGT", "STATUT": "Commune simple", "X_CHF_LIEU": 8225, "Y_CHF_LIEU": 65399, "X_CENTROID": 8228, "Y_CENTROID": 65399, "Z_MOYEN": 499, "SUPERFICIE": 389, "POPULATION": 0.6, "CODE_CANT": "06", "CODE_ARR": "2", "CODE_DEPT": "69", "NOM_DEPT": "RHONE", "CODE_REG": "82", "NOM_REGION": "RHONE-ALPES", "CODGEO": "69146" }, "geometry": { "type": "Polygon", "coordinates": [ [ [ 823388.0, 6538060.0 ], [ 823169.0, 6537868.0 ], [ 822780.0, 6538280.0 ], [ 822001.0, 6540058.0 ], [ 822670.0, 6541432.0 ], [ 822402.0, 6542504.0 ], [ 822979.0, 6541977.0 ], [ 823440.0, 6540102.0 ], [ 823394.0, 6538149.0 ], [ 823388.0, 6538060.0 ] ] ] } },
{ "type": "Feature", "properties": { "ID_GEOFLA": 32392, "CODE_COMM": "178", "INSEE_COM": "69178", "NOM_COMM": "SOUZY", "STATUT": "Commune simple", "X_CHF_LIEU": 8126, "Y_CHF_LIEU": 65127, "X_CENTROID": 8129, "Y_CENTROID": 65126, "Z_MOYEN": 489, "SUPERFICIE": 509, "POPULATION": 0.7, "CODE_CANT": "27", "CODE_ARR": "1", "CODE_DEPT": "69", "NOM_DEPT": "RHONE", "CODE_REG": "82", "NOM_REGION": "RHONE-ALPES", "CODGEO": "69178" }, "geometry": { "type": "Polygon", "coordinates": [ [ [ 812546.0, 6510876.0 ], [ 811958.0, 6510668.0 ], [ 811544.0, 6511154.0 ], [ 812271.0, 6511789.0 ], [ 812027.0, 6512789.0 ], [ 812407.0, 6513989.0 ], [ 812946.0, 6514352.0 ], [ 813597.0, 6514109.0 ], [ 814120.0, 6513335.0 ], [ 814097.0, 6512561.0 ], [ 813490.0, 6512107.0 ], [ 812546.0, 6510876.0 ] ] ] } },
{ "type": "Feature", "properties": { "ID_GEOFLA": 32393, "CODE_COMM": "233", "INSEE_COM": "69233", "NOM_COMM": "SAINT-ROMAIN-AU-MONT-D'OR", "STATUT": "Commune simple", "X_CHF_LIEU": 8414, "Y_CHF_LIEU": 65280, "X_CENTROID": 8413, "Y_CENTROID": 65278, "Z_MOYEN": 297, "SUPERFICIE": 255, "POPULATION": 1.1, "CODE_CANT": "25", "CODE_ARR": "1", "CODE_DEPT": "69", "NOM_DEPT": "RHONE", "CODE_REG": "82", "NOM_REGION": "RHONE-ALPES", "CODGEO": "69233" }, "geometry": { "type": "Polygon", "coordinates": [ [ [ 841880.0, 6527241.0 ], [ 840864.0, 6527003.0 ], [ 840143.0, 6528650.0 ], [ 842184.0, 6528317.0 ], [ 842673.0, 6527729.0 ], [ 841880.0, 6527241.0 ] ] ] } },
{ "type": "Feature", "properties": { "ID_GEOFLA": 32616, "CODE_COMM": "271", "INSEE_COM": "69271", "NOM_COMM": "CHASSIEU", "STATUT": "Commune simple", "X_CHF_LIEU": 8528, "Y_CHF_LIEU": 65180, "X_CENTROID": 8525, "Y_CENTROID": 65172, "Z_MOYEN": 208, "SUPERFICIE": 1157, "POPULATION": 9.4, "CODE_CANT": "44", "CODE_ARR": "1", "CODE_DEPT": "69", "NOM_DEPT": "RHONE", "CODE_REG": "82", "NOM_REGION": "RHONE-ALPES", "CODGEO": "69271" }, "geometry": { "type": "Polygon", "coordinates": [ [ [ 853503.0, 6515372.0 ], [ 852745.0, 6515287.0 ], [ 850560.0, 6515902.0 ], [ 850248.0, 6517893.0 ], [ 852762.0, 6518847.0 ], [ 854279.0, 6519067.0 ], [ 855047.0, 6518311.0 ], [ 854120.0, 6517145.0 ], [ 853503.0, 6515372.0 ] ] ] } },
{ "type": "Feature", "properties": { "ID_GEOFLA": 32752, "CODE_COMM": "017", "INSEE_COM": "69017", "NOM_COMM": "BAGNOLS", "STATUT": "Commune simple", "X_CHF_LIEU": 8245, "Y_CHF_LIEU": 65365, "X_CENTROID": 8255, "Y_CENTROID": 65356, "Z_MOYEN": 327, "SUPERFICIE": 747, "POPULATION": 0.7, "CODE_CANT": "06", "CODE_ARR": "2", "CODE_DEPT": "69", "NOM_DEPT": "RHONE", "CODE_REG": "82", "NOM_REGION": "RHONE-ALPES", "CODGEO": "69017" }, "geometry": { "type": "Polygon", "coordinates": [ [ [ 827617.0, 6534257.0 ], [ 826304.0, 6534393.0 ], [ 824551.0, 6535052.0 ], [ 823542.0, 6535051.0 ], [ 823663.0, 6536329.0 ], [ 824920.0, 6537232.0 ], [ 825511.0, 6536739.0 ], [ 825886.0, 6536825.0 ], [ 827651.0, 6535371.0 ], [ 827617.0, 6534257.0 ] ] ] } },
{ "type": "Feature", "properties": { "ID_GEOFLA": 32753, "CODE_COMM": "266", "INSEE_COM": "69266", "NOM_COMM": "VILLEURBANNE", "STATUT": "Chef-lieu canton", "X_CHF_LIEU": 8460, "Y_CHF_LIEU": 65202, "X_CENTROID": 8467, "Y_CENTROID": 65207, "Z_MOYEN": 175, "SUPERFICIE": 1480, "POPULATION": 138.2, "CODE_CANT": "98", "CODE_ARR": "1", "CODE_DEPT": "69", "NOM_DEPT": "RHONE", "CODE_REG": "82", "NOM_REGION": "RHONE-ALPES", "CODGEO": "69266" }, "geometry": { "type": "Polygon", "coordinates": [ [ [ 849072.0, 6518332.0 ], [ 847617.0, 6518759.0 ], [ 845848.0, 6519037.0 ], [ 845282.0, 6519954.0 ], [ 844465.0, 6521284.0 ], [ 844527.0, 6522463.0 ], [ 845193.0, 6522728.0 ], [ 845920.0, 6523575.0 ], [ 846019.0, 6523524.0 ], [ 846339.0, 6522870.0 ], [ 848091.0, 6522230.0 ], [ 847960.0, 6521116.0 ], [ 849231.0, 6519826.0 ], [ 849072.0, 6518332.0 ] ] ] } },
{ "type": "Feature", "properties": { "ID_GEOFLA": 33350, "CODE_COMM": "247", "INSEE_COM": "69247", "NOM_COMM": "THEL", "STATUT": "Commune simple", "X_CHF_LIEU": 8063, "Y_CHF_LIEU": 65582, "X_CENTROID": 8060, "Y_CENTROID": 65582, "Z_MOYEN": 726, "SUPERFICIE": 1031, "POPULATION": 0.3, "CODE_CANT": "09", "CODE_ARR": "2", "CODE_DEPT": "69", "NOM_DEPT": "RHONE", "CODE_REG": "82", "NOM_REGION": "RHONE-ALPES", "CODGEO": "69247" }, "geometry": { "type": "Polygon", "coordinates": [ [ [ 805877.0, 6555554.0 ], [ 805307.0, 6557001.0 ], [ 804022.0, 6557746.0 ], [ 805025.0, 6558824.0 ], [ 805107.0, 6560756.0 ], [ 806543.0, 6560403.0 ], [ 807010.0, 6559825.0 ], [ 807435.0, 6558423.0 ], [ 807308.0, 6556986.0 ], [ 806910.0, 6555972.0 ], [ 805877.0, 6555554.0 ] ] ] } },
{ "type": "Feature", "properties": { "ID_GEOFLA": 33418, "CODE_COMM": "028", "INSEE_COM": "69028", "NOM_COMM": "BRINDAS", "STATUT": "Commune simple", "X_CHF_LIEU": 8317, "Y_CHF_LIEU": 65149, "X_CENTROID": 8324, "Y_CENTROID": 65148, "Z_MOYEN": 297, "SUPERFICIE": 1139, "POPULATION": 5.3, "CODE_CANT": "31", "CODE_ARR": "1", "CODE_DEPT": "69", "NOM_DEPT": "RHONE", "CODE_REG": "82", "NOM_REGION": "RHONE-ALPES", "CODGEO": "69028" }, "geometry": { "type": "Polygon", "coordinates": [ [ [ 833056.0, 6512429.0 ], [ 832877.0, 6512561.0 ], [ 829935.0, 6514285.0 ], [ 830170.0, 6515332.0 ], [ 832079.0, 6516224.0 ], [ 833121.0, 6516535.0 ], [ 834327.0, 6516825.0 ], [ 834257.0, 6516498.0 ], [ 834990.0, 6515460.0 ], [ 833546.0, 6514248.0 ], [ 833056.0, 6512429.0 ] ] ] } },
{ "type": "Feature", "properties": { "ID_GEOFLA": 33459, "CODE_COMM": "022", "INSEE_COM": "69022", "NOM_COMM": "BIBOST", "STATUT": "Commune simple", "X_CHF_LIEU": 8200, "Y_CHF_LIEU": 65231, "X_CENTROID": 8203, "Y_CENTROID": 65231, "Z_MOYEN": 432, "SUPERFICIE": 531, "POPULATION": 0.5, "CODE_CANT": "03", "CODE_ARR": "1", "CODE_DEPT": "69", "NOM_DEPT": "RHONE", "CODE_REG": "82", "NOM_REGION": "RHONE-ALPES", "CODGEO": "69022" }, "geometry": { "type": "Polygon", "coordinates": [ [ [ 821921.0, 6522431.0 ], [ 820117.0, 6522094.0 ], [ 819033.0, 6522350.0 ], [ 818674.0, 6522898.0 ], [ 819383.0, 6524215.0 ], [ 819759.0, 6524278.0 ], [ 821903.0, 6523551.0 ], [ 821921.0, 6522431.0 ] ] ] } },
{ "type": "Feature", "properties": { "ID_GEOFLA": 33460, "CODE_COMM": "121", "INSEE_COM": "69121", "NOM_COMM": "LOZANNE", "STATUT": "Commune simple", "X_CHF_LIEU": 8304, "Y_CHF_LIEU": 65300, "X_CENTROID": 8307, "Y_CENTROID": 65295, "Z_MOYEN": 236, "SUPERFICIE": 560, "POPULATION": 2.3, "CODE_CANT": "02", "CODE_ARR": "2", "CODE_DEPT": "69", "NOM_DEPT": "RHONE", "CODE_REG": "82", "NOM_REGION": "RHONE-ALPES", "CODGEO": "69121" }, "geometry": { "type": "Polygon", "coordinates": [ [ [ 830985.0, 6527894.0 ], [ 830025.0, 6528431.0 ], [ 829522.0, 6529804.0 ], [ 829534.0, 6530135.0 ], [ 830089.0, 6531195.0 ], [ 831096.0, 6531035.0 ], [ 831754.0, 6530200.0 ], [ 831927.0, 6528275.0 ], [ 830985.0, 6527894.0 ] ] ] } },
{ "type": "Feature", "properties": { "ID_GEOFLA": 33501, "CODE_COMM": "169", "INSEE_COM": "69169", "NOM_COMM": "RONNO", "STATUT": "Commune simple", "X_CHF_LIEU": 8070, "Y_CHF_LIEU": 65437, "X_CENTROID": 8075, "Y_CENTROID": 65440, "Z_MOYEN": 634, "SUPERFICIE": 2299, "POPULATION": 0.6, "CODE_CANT": "01", "CODE_ARR": "2", "CODE_DEPT": "69", "NOM_DEPT": "RHONE", "CODE_REG": "82", "NOM_REGION": "RHONE-ALPES", "CODGEO": "69169" }, "geometry": { "type": "Polygon", "coordinates": [ [ [ 807665.0, 6539697.0 ], [ 806436.0, 6540619.0 ], [ 805172.0, 6543411.0 ], [ 805091.0, 6544914.0 ], [ 804744.0, 6545088.0 ], [ 805004.0, 6545760.0 ], [ 806800.0, 6545868.0 ], [ 809335.0, 6547564.0 ], [ 810439.0, 6547467.0 ], [ 809771.0, 6545798.0 ], [ 809823.0, 6544350.0 ], [ 809022.0, 6542393.0 ], [ 807685.0, 6540488.0 ], [ 807665.0, 6539697.0 ] ] ] } },
{ "type": "Feature", "properties": { "ID_GEOFLA": 33709, "CODE_COMM": "058", "INSEE_COM": "69058", "NOM_COMM": "CHIROUBLES", "STATUT": "Commune simple", "X_CHF_LIEU": 8284, "Y_CHF_LIEU": 65658, "X_CENTROID": 8276, "Y_CENTROID": 65664, "Z_MOYEN": 456, "SUPERFICIE": 736, "POPULATION": 0.4, "CODE_CANT": "04", "CODE_ARR": "2", "CODE_DEPT": "69", "NOM_DEPT": "RHONE", "CODE_REG": "82", "NOM_REGION": "RHONE-ALPES", "CODGEO": "69058" }, "geometry": { "type": "Polygon", "coordinates": [ [ [ 829622.0, 6565523.0 ], [ 829185.0, 6564999.0 ], [ 827298.0, 6565354.0 ], [ 825875.0, 6566639.0 ], [ 825106.0, 6566706.0 ], [ 824951.0, 6566990.0 ], [ 825436.0, 6567347.0 ], [ 826128.0, 6567178.0 ], [ 827790.0, 6567769.0 ], [ 828481.0, 6567641.0 ], [ 829622.0, 6565523.0 ] ] ] } },
{ "type": "Feature", "properties": { "ID_GEOFLA": 33839, "CODE_COMM": "191", "INSEE_COM": "69191", "NOM_COMM": "SAINT-CYR-AU-MONT-D'OR", "STATUT": "Commune simple", "X_CHF_LIEU": 8411, "Y_CHF_LIEU": 65253, "X_CENTROID": 8411, "Y_CENTROID": 65260, "Z_MOYEN": 341, "SUPERFICIE": 722, "POPULATION": 5.4, "CODE_CANT": "10", "CODE_ARR": "1", "CODE_DEPT": "69", "NOM_DEPT": "RHONE", "CODE_REG": "82", "NOM_REGION": "RHONE-ALPES", "CODGEO": "69191" }, "geometry": { "type": "Polygon", "coordinates": [ [ [ 841221.0, 6523820.0 ], [ 840468.0, 6524681.0 ], [ 840496.0, 6526204.0 ], [ 839188.0, 6528563.0 ], [ 840143.0, 6528650.0 ], [ 840864.0, 6527003.0 ], [ 841880.0, 6527241.0 ], [ 841902.0, 6526528.0 ], [ 842500.0, 6526194.0 ], [ 842779.0, 6525535.0 ], [ 842649.0, 6524832.0 ], [ 841221.0, 6523820.0 ] ] ] } },
{ "type": "Feature", "properties": { "ID_GEOFLA": 33840, "CODE_COMM": "034", "INSEE_COM": "69034", "NOM_COMM": "CALUIRE-ET-CUIRE", "STATUT": "Chef-lieu canton", "X_CHF_LIEU": 8434, "Y_CHF_LIEU": 65233, "X_CENTROID": 8438, "Y_CENTROID": 65236, "Z_MOYEN": 228, "SUPERFICIE": 1036, "POPULATION": 41.0, "CODE_CANT": "43", "CODE_ARR": "1", "CODE_DEPT": "69", "NOM_DEPT": "RHONE", "CODE_REG": "82", "NOM_REGION": "RHONE-ALPES", "CODGEO": "69034" }, "geometry": { "type": "Polygon", "coordinates": [ [ [ 843200.0, 6521560.0 ], [ 841814.0, 6522153.0 ], [ 841317.0, 6522735.0 ], [ 842683.0, 6523721.0 ], [ 843014.0, 6524314.0 ], [ 843291.0, 6525320.0 ], [ 844122.0, 6525963.0 ], [ 844848.0, 6525597.0 ], [ 845920.0, 6523575.0 ], [ 845193.0, 6522728.0 ], [ 844527.0, 6522463.0 ], [ 843836.0, 6522379.0 ], [ 843200.0, 6521560.0 ] ] ] } },
{ "type": "Feature", "properties": { "ID_GEOFLA": 34315, "CODE_COMM": "007", "INSEE_COM": "69007", "NOM_COMM": "AMPUIS", "STATUT": "Commune simple", "X_CHF_LIEU": 8413, "Y_CHF_LIEU": 64893, "X_CENTROID": 8407, "Y_CENTROID": 64909, "Z_MOYEN": 310, "SUPERFICIE": 1548, "POPULATION": 2.5, "CODE_CANT": "07", "CODE_ARR": "1", "CODE_DEPT": "69", "NOM_DEPT": "RHONE", "CODE_REG": "82", "NOM_REGION": "RHONE-ALPES", "CODGEO": "69007" }, "geometry": { "type": "Polygon", "coordinates": [ [ [ 840713.0, 6488260.0 ], [ 840095.0, 6488633.0 ], [ 838627.0, 6490780.0 ], [ 838651.0, 6492559.0 ], [ 838636.0, 6493159.0 ], [ 839598.0, 6493425.0 ], [ 839697.0, 6493365.0 ], [ 841650.0, 6492055.0 ], [ 843552.0, 6491626.0 ], [ 844094.0, 6491059.0 ], [ 843796.0, 6490692.0 ], [ 842485.0, 6490032.0 ], [ 841663.0, 6488820.0 ], [ 840713.0, 6488260.0 ] ] ] } },
{ "type": "Feature", "properties": { "ID_GEOFLA": 34533, "CODE_COMM": "234", "INSEE_COM": "69234", "NOM_COMM": "SAINT-ROMAIN-DE-POPEY", "STATUT": "Commune simple", "X_CHF_LIEU": 8188, "Y_CHF_LIEU": 65286, "X_CENTROID": 8186, "Y_CENTROID": 65296, "Z_MOYEN": 387, "SUPERFICIE": 1708, "POPULATION": 1.4, "CODE_CANT": "29", "CODE_ARR": "2", "CODE_DEPT": "69", "NOM_DEPT": "RHONE", "CODE_REG": "82", "NOM_REGION": "RHONE-ALPES", "CODGEO": "69234" }, "geometry": { "type": "Polygon", "coordinates": [ [ [ 821299.0, 6528596.0 ], [ 820357.0, 6527055.0 ], [ 819623.0, 6527126.0 ], [ 818697.0, 6527769.0 ], [ 816900.0, 6528257.0 ], [ 816061.0, 6529450.0 ], [ 816254.0, 6530432.0 ], [ 816850.0, 6531356.0 ], [ 817761.0, 6531998.0 ], [ 819315.0, 6531975.0 ], [ 820317.0, 6530627.0 ], [ 821299.0, 6528596.0 ] ] ] } },
{ "type": "Feature", "properties": { "ID_GEOFLA": 34534, "CODE_COMM": "268", "INSEE_COM": "69268", "NOM_COMM": "VOURLES", "STATUT": "Commune simple", "X_CHF_LIEU": 8380, "Y_CHF_LIEU": 65080, "X_CENTROID": 8376, "Y_CENTROID": 65080, "Z_MOYEN": 231, "SUPERFICIE": 556, "POPULATION": 3.0, "CODE_CANT": "26", "CODE_ARR": "1", "CODE_DEPT": "69", "NOM_DEPT": "RHONE", "CODE_REG": "82", "NOM_REGION": "RHONE-ALPES", "CODGEO": "69268" }, "geometry": { "type": "Polygon", "coordinates": [ [ [ 836899.0, 6506102.0 ], [ 836531.0, 6506186.0 ], [ 836174.0, 6507247.0 ], [ 836381.0, 6508080.0 ], [ 837669.0, 6509282.0 ], [ 838663.0, 6509704.0 ], [ 839004.0, 6509692.0 ], [ 838982.0, 6509027.0 ], [ 839290.0, 6508879.0 ], [ 839337.0, 6508507.0 ], [ 838466.0, 6507400.0 ], [ 837752.0, 6507169.0 ], [ 836899.0, 6506102.0 ] ] ] } },
{ "type": "Feature", "properties": { "ID_GEOFLA": 34535, "CODE_COMM": "142", "INSEE_COM": "69142", "NOM_COMM": "LA MULATIERE", "STATUT": "Commune simple", "X_CHF_LIEU": 8409, "Y_CHF_LIEU": 65159, "X_CENTROID": 8409, "Y_CENTROID": 65161, "Z_MOYEN": 194, "SUPERFICIE": 187, "POPULATION": 6.5, "CODE_CANT": "50", "CODE_ARR": "1", "CODE_DEPT": "69", "NOM_DEPT": "RHONE", "CODE_REG": "82", "NOM_REGION": "RHONE-ALPES", "CODGEO": "69142" }, "geometry": { "type": "Polygon", "coordinates": [ [ [ 841614.0, 6514889.0 ], [ 840945.0, 6514869.0 ], [ 840551.0, 6515386.0 ], [ 840219.0, 6515321.0 ], [ 840982.0, 6518082.0 ], [ 841353.0, 6518198.0 ], [ 840987.0, 6517238.0 ], [ 841465.0, 6515575.0 ], [ 841614.0, 6514889.0 ] ] ] } },
{ "type": "Feature", "properties": { "ID_GEOFLA": 34870, "CODE_COMM": "250", "INSEE_COM": "69250", "NOM_COMM": "LA TOUR-DE-SALVAGNY", "STATUT": "Commune simple", "X_CHF_LIEU": 8333, "Y_CHF_LIEU": 65252, "X_CENTROID": 8329, "Y_CENTROID": 65248, "Z_MOYEN": 306, "SUPERFICIE": 843, "POPULATION": 3.5, "CODE_CANT": "03", "CODE_ARR": "1", "CODE_DEPT": "69", "NOM_DEPT": "RHONE", "CODE_REG": "82", "NOM_REGION": "RHONE-ALPES", "CODGEO": "69250" }, "geometry": { "type": "Polygon", "coordinates": [ [ [ 834539.0, 6522353.0 ], [ 833579.0, 6523359.0 ], [ 832567.0, 6523054.0 ], [ 831499.0, 6524974.0 ], [ 831592.0, 6526470.0 ], [ 833259.0, 6526793.0 ], [ 833719.0, 6526267.0 ], [ 834226.0, 6525233.0 ], [ 834030.0, 6524118.0 ], [ 834576.0, 6523097.0 ], [ 834539.0, 6522353.0 ] ] ] } },
{ "type": "Feature", "properties": { "ID_GEOFLA": 34871, "CODE_COMM": "143", "INSEE_COM": "69143", "NOM_COMM": "NEUVILLE-SUR-SAONE", "STATUT": "Chef-lieu canton", "X_CHF_LIEU": 8427, "Y_CHF_LIEU": 65323, "X_CENTROID": 8429, "Y_CENTROID": 65331, "Z_MOYEN": 217, "SUPERFICIE": 537, "POPULATION": 7.1, "CODE_CANT": "25", "CODE_ARR": "1", "CODE_DEPT": "69", "NOM_DEPT": "RHONE", "CODE_REG": "82", "NOM_REGION": "RHONE-ALPES", "CODGEO": "69143" }, "geometry": { "type": "Polygon", "coordinates": [ [ [ 843672.0, 6531232.0 ], [ 842489.0, 6531337.0 ], [ 842452.0, 6532309.0 ], [ 842042.0, 6532740.0 ], [ 841134.0, 6532957.0 ], [ 840737.0, 6533251.0 ], [ 841771.0, 6533750.0 ], [ 842895.0, 6533796.0 ], [ 844054.0, 6534773.0 ], [ 844437.0, 6534764.0 ], [ 844696.0, 6534076.0 ], [ 844490.0, 6533389.0 ], [ 843763.0, 6533238.0 ], [ 843400.0, 6532591.0 ], [ 843294.0, 6531849.0 ], [ 843672.0, 6531232.0 ] ] ] } },
{ "type": "Feature", "properties": { "ID_GEOFLA": 34892, "CODE_COMM": "282", "INSEE_COM": "69282", "NOM_COMM": "MEYZIEU", "STATUT": "Chef-lieu canton", "X_CHF_LIEU": 8556, "Y_CHF_LIEU": 65205, "X_CENTROID": 8558, "Y_CENTROID": 65217, "Z_MOYEN": 196, "SUPERFICIE": 2351, "POPULATION": 29.0, "CODE_CANT": "37", "CODE_ARR": "1", "CODE_DEPT": "69", "NOM_DEPT": "RHONE", "CODE_REG": "82", "NOM_REGION": "RHONE-ALPES", "CODGEO": "69282" }, "geometry": { "type": "Polygon", "coordinates": [ [ [ 855047.0, 6518311.0 ], [ 854279.0, 6519067.0 ], [ 854205.0, 6521704.0 ], [ 853497.0, 6522980.0 ], [ 853789.0, 6524841.0 ], [ 854760.0, 6525083.0 ], [ 855397.0, 6525357.0 ], [ 856612.0, 6524887.0 ], [ 856521.0, 6524133.0 ], [ 857742.0, 6523167.0 ], [ 857716.0, 6521224.0 ], [ 858240.0, 6520717.0 ], [ 858316.0, 6520017.0 ], [ 859163.0, 6518890.0 ], [ 856861.0, 6518940.0 ], [ 855047.0, 6518311.0 ] ] ] } },
{ "type": "Feature", "properties": { "ID_GEOFLA": 35013, "CODE_COMM": "253", "INSEE_COM": "69253", "NOM_COMM": "TUPIN-ET-SEMONS", "STATUT": "Commune simple", "X_CHF_LIEU": 8387, "Y_CHF_LIEU": 64880, "X_CENTROID": 8385, "Y_CENTROID": 64894, "Z_MOYEN": 315, "SUPERFICIE": 822, "POPULATION": 0.6, "CODE_CANT": "07", "CODE_ARR": "1", "CODE_DEPT": "69", "NOM_DEPT": "RHONE", "CODE_REG": "82", "NOM_REGION": "RHONE-ALPES", "CODGEO": "69253" }, "geometry": { "type": "Polygon", "coordinates": [ [ [ 839075.0, 6487145.0 ], [ 838009.0, 6488135.0 ], [ 837108.0, 6489705.0 ], [ 837055.0, 6490407.0 ], [ 837687.0, 6490762.0 ], [ 837830.0, 6491847.0 ], [ 838651.0, 6492559.0 ], [ 838627.0, 6490780.0 ], [ 840095.0, 6488633.0 ], [ 840713.0, 6488260.0 ], [ 840547.0, 6488162.0 ], [ 839075.0, 6487145.0 ] ] ] } },
{ "type": "Feature", "properties": { "ID_GEOFLA": 35225, "CODE_COMM": "126", "INSEE_COM": "69126", "NOM_COMM": "MARCY", "STATUT": "Commune simple", "X_CHF_LIEU": 8303, "Y_CHF_LIEU": 65364, "X_CENTROID": 8299, "Y_CENTROID": 65362, "Z_MOYEN": 364, "SUPERFICIE": 332, "POPULATION": 0.6, "CODE_CANT": "02", "CODE_ARR": "2", "CODE_DEPT": "69", "NOM_DEPT": "RHONE", "CODE_REG": "82", "NOM_REGION": "RHONE-ALPES", "CODGEO": "69126" }, "geometry": { "type": "Polygon", "coordinates": [ [ [ 829887.0, 6535127.0 ], [ 829470.0, 6535335.0 ], [ 829041.0, 6535956.0 ], [ 829118.0, 6537461.0 ], [ 830423.0, 6537184.0 ], [ 830839.0, 6536627.0 ], [ 830684.0, 6535350.0 ], [ 829887.0, 6535127.0 ] ] ] } },
{ "type": "Feature", "properties": { "ID_GEOFLA": 35226, "CODE_COMM": "076", "INSEE_COM": "69076", "NOM_COMM": "DOMMARTIN", "STATUT": "Commune simple", "X_CHF_LIEU": 8328, "Y_CHF_LIEU": 65275, "X_CENTROID": 8331, "Y_CENTROID": 65276, "Z_MOYEN": 288, "SUPERFICIE": 717, "POPULATION": 2.7, "CODE_CANT": "03", "CODE_ARR": "1", "CODE_DEPT": "69", "NOM_DEPT": "RHONE", "CODE_REG": "82", "NOM_REGION": "RHONE-ALPES", "CODGEO": "69076" }, "geometry": { "type": "Polygon", "coordinates": [ [ [ 833719.0, 6526267.0 ], [ 833259.0, 6526793.0 ], [ 831592.0, 6526470.0 ], [ 830985.0, 6527894.0 ], [ 831927.0, 6528275.0 ], [ 833063.0, 6528539.0 ], [ 834023.0, 6529176.0 ], [ 834585.0, 6529471.0 ], [ 834742.0, 6527896.0 ], [ 834665.0, 6526834.0 ], [ 833719.0, 6526267.0 ] ] ] } },
{ "type": "Feature", "properties": { "ID_GEOFLA": 35227, "CODE_COMM": "115", "INSEE_COM": "69115", "NOM_COMM": "LIMAS", "STATUT": "Commune simple", "X_CHF_LIEU": 8320, "Y_CHF_LIEU": 65431, "X_CENTROID": 8330, "Y_CENTROID": 65428, "Z_MOYEN": 203, "SUPERFICIE": 561, "POPULATION": 4.4, "CODE_CANT": "53", "CODE_ARR": "2", "CODE_DEPT": "69", "NOM_DEPT": "RHONE", "CODE_REG": "82", "NOM_REGION": "RHONE-ALPES", "CODGEO": "69115" }, "geometry": { "type": "Polygon", "coordinates": [ [ [ 834841.0, 6542468.0 ], [ 834500.0, 6542507.0 ], [ 833989.0, 6541626.0 ], [ 833316.0, 6541742.0 ], [ 831838.0, 6542159.0 ], [ 831194.0, 6543104.0 ], [ 831459.0, 6543666.0 ], [ 832194.0, 6543901.0 ], [ 832841.0, 6543552.0 ], [ 834381.0, 6543561.0 ], [ 835064.0, 6543205.0 ], [ 834841.0, 6542468.0 ] ] ] } },
{ "type": "Feature", "properties": { "ID_GEOFLA": 35228, "CODE_COMM": "068", "INSEE_COM": "69068", "NOM_COMM": "COUZON-AU-MONT-D'OR", "STATUT": "Commune simple", "X_CHF_LIEU": 8419, "Y_CHF_LIEU": 65288, "X_CENTROID": 8414, "Y_CENTROID": 65292, "Z_MOYEN": 304, "SUPERFICIE": 313, "POPULATION": 2.6, "CODE_CANT": "25", "CODE_ARR": "1", "CODE_DEPT": "69", "NOM_DEPT": "RHONE", "CODE_REG": "82", "NOM_REGION": "RHONE-ALPES", "CODGEO": "69068" }, "geometry": { "type": "Polygon", "coordinates": [ [ [ 842184.0, 6528317.0 ], [ 840143.0, 6528650.0 ], [ 840679.0, 6529954.0 ], [ 841111.0, 6530180.0 ], [ 842557.0, 6529878.0 ], [ 842484.0, 6529589.0 ], [ 842184.0, 6528317.0 ] ] ] } },
{ "type": "Feature", "properties": { "ID_GEOFLA": 35625, "CODE_COMM": "208", "INSEE_COM": "69208", "NOM_COMM": "SAINT-GERMAIN-SUR-L'ARBRESLE", "STATUT": "Commune simple", "X_CHF_LIEU": 8250, "Y_CHF_LIEU": 65293, "X_CENTROID": 8251, "Y_CENTROID": 65306, "Z_MOYEN": 330, "SUPERFICIE": 659, "POPULATION": 1.3, "CODE_CANT": "03", "CODE_ARR": "1", "CODE_DEPT": "69", "NOM_DEPT": "RHONE", "CODE_REG": "82", "NOM_REGION": "RHONE-ALPES", "CODGEO": "69208" }, "geometry": { "type": "Polygon", "coordinates": [ [ [ 825783.0, 6528378.0 ], [ 825069.0, 6528335.0 ], [ 824437.0, 6528719.0 ], [ 824586.0, 6530197.0 ], [ 823882.0, 6530972.0 ], [ 824031.0, 6532064.0 ], [ 824565.0, 6532499.0 ], [ 826223.0, 6532455.0 ], [ 825988.0, 6531138.0 ], [ 826263.0, 6530142.0 ], [ 825503.0, 6529001.0 ], [ 825783.0, 6528378.0 ] ] ] } },
{ "type": "Feature", "properties": { "ID_GEOFLA": 35626, "CODE_COMM": "052", "INSEE_COM": "69052", "NOM_COMM": "CHAZAY-D'AZERGUES", "STATUT": "Commune simple", "X_CHF_LIEU": 8328, "Y_CHF_LIEU": 65321, "X_CENTROID": 8325, "Y_CENTROID": 65321, "Z_MOYEN": 212, "SUPERFICIE": 601, "POPULATION": 3.9, "CODE_CANT": "02", "CODE_ARR": "2", "CODE_DEPT": "69", "NOM_DEPT": "RHONE", "CODE_REG": "82", "NOM_REGION": "RHONE-ALPES", "CODGEO": "69052" }, "geometry": { "type": "Polygon", "coordinates": [ [ [ 831754.0, 6530200.0 ], [ 831096.0, 6531035.0 ], [ 831409.0, 6532531.0 ], [ 832751.0, 6533601.0 ], [ 834160.0, 6533467.0 ], [ 834184.0, 6533361.0 ], [ 834182.0, 6532638.0 ], [ 833501.0, 6531814.0 ], [ 831826.0, 6530554.0 ], [ 831754.0, 6530200.0 ] ] ] } },
{ "type": "Feature", "properties": { "ID_GEOFLA": 35627, "CODE_COMM": "137", "INSEE_COM": "69137", "NOM_COMM": "MONTMELAS-SAINT-SORLIN", "STATUT": "Commune simple", "X_CHF_LIEU": 8245, "Y_CHF_LIEU": 65474, "X_CENTROID": 8239, "Y_CENTROID": 65477, "Z_MOYEN": 540, "SUPERFICIE": 415, "POPULATION": 0.4, "CODE_CANT": "53", "CODE_ARR": "2", "CODE_DEPT": "69", "NOM_DEPT": "RHONE", "CODE_REG": "82", "NOM_REGION": "RHONE-ALPES", "CODGEO": "69137" }, "geometry": { "type": "Polygon", "coordinates": [ [ [ 825240.0, 6546721.0 ], [ 823098.0, 6547203.0 ], [ 821955.0, 6548663.0 ], [ 822785.0, 6549335.0 ], [ 822593.0, 6549006.0 ], [ 823048.0, 6548401.0 ], [ 824184.0, 6548348.0 ], [ 824715.0, 6547805.0 ], [ 824889.0, 6547472.0 ], [ 826001.0, 6547449.0 ], [ 825924.0, 6546754.0 ], [ 825240.0, 6546721.0 ] ] ] } },
{ "type": "Feature", "properties": { "ID_GEOFLA": 36005, "CODE_COMM": "294", "INSEE_COM": "69294", "NOM_COMM": "SEREZIN-DU-RHONE", "STATUT": "Commune simple", "X_CHF_LIEU": 8421, "Y_CHF_LIEU": 65048, "X_CENTROID": 8421, "Y_CENTROID": 65047, "Z_MOYEN": 195, "SUPERFICIE": 385, "POPULATION": 2.5, "CODE_CANT": "38", "CODE_ARR": "1", "CODE_DEPT": "69", "NOM_DEPT": "RHONE", "CODE_REG": "82", "NOM_REGION": "RHONE-ALPES", "CODGEO": "69294" }, "geometry": { "type": "Polygon", "coordinates": [ [ [ 842495.0, 6503377.0 ], [ 841745.0, 6504493.0 ], [ 840805.0, 6504880.0 ], [ 840835.0, 6505459.0 ], [ 840891.0, 6505658.0 ], [ 841827.0, 6506188.0 ], [ 842010.0, 6505489.0 ], [ 843045.0, 6505195.0 ], [ 843528.0, 6503848.0 ], [ 842495.0, 6503377.0 ] ] ] } },
{ "type": "Feature", "properties": { "ID_GEOFLA": 36006, "CODE_COMM": "284", "INSEE_COM": "69284", "NOM_COMM": "MONTANAY", "STATUT": "Commune simple", "X_CHF_LIEU": 8444, "Y_CHF_LIEU": 65327, "X_CENTROID": 8448, "Y_CENTROID": 65325, "Z_MOYEN": 282, "SUPERFICIE": 726, "POPULATION": 2.7, "CODE_CANT": "25", "CODE_ARR": "1", "CODE_DEPT": "69", "NOM_DEPT": "RHONE", "CODE_REG": "82", "NOM_REGION": "RHONE-ALPES", "CODGEO": "69284" }, "geometry": { "type": "Polygon", "coordinates": [ [ [ 845562.0, 6530786.0 ], [ 843672.0, 6531232.0 ], [ 843294.0, 6531849.0 ], [ 843400.0, 6532591.0 ], [ 843763.0, 6533238.0 ], [ 844490.0, 6533389.0 ], [ 844696.0, 6534076.0 ], [ 845153.0, 6534372.0 ], [ 845811.0, 6534791.0 ], [ 846099.0, 6532890.0 ], [ 845562.0, 6530786.0 ] ] ] } },
{ "type": "Feature", "properties": { "ID_GEOFLA": 36196, "CODE_COMM": "273", "INSEE_COM": "69273", "NOM_COMM": "CORBAS", "STATUT": "Commune simple", "X_CHF_LIEU": 8480, "Y_CHF_LIEU": 65093, "X_CENTROID": 8485, "Y_CENTROID": 65094, "Z_MOYEN": 204, "SUPERFICIE": 1182, "POPULATION": 9.5, "CODE_CANT": "49", "CODE_ARR": "1", "CODE_DEPT": "69", "NOM_DEPT": "RHONE", "CODE_REG": "82", "NOM_REGION": "RHONE-ALPES", "CODGEO": "69273" }, "geometry": { "type": "Polygon", "coordinates": [ [ [ 847392.0, 6506462.0 ], [ 847690.0, 6508590.0 ], [ 847059.0, 6508928.0 ], [ 846861.0, 6509749.0 ], [ 847325.0, 6511196.0 ], [ 848771.0, 6511656.0 ], [ 849893.0, 6511057.0 ], [ 850530.0, 6511171.0 ], [ 850384.0, 6509644.0 ], [ 849413.0, 6508473.0 ], [ 849317.0, 6507220.0 ], [ 847392.0, 6506462.0 ] ] ] } },
{ "type": "Feature", "properties": { "ID_GEOFLA": 36604, "CODE_COMM": "381", "INSEE_COM": "69381", "NOM_COMM": "LYON--1ER-ARRONDISSEMENT", "STATUT": "Préfecture de région", "X_CHF_LIEU": 8426, "Y_CHF_LIEU": 65203, "X_CENTROID": 8421, "Y_CENTROID": 65205, "Z_MOYEN": 197, "SUPERFICIE": 153, "POPULATION": 28.1, "CODE_CANT": "99", "CODE_ARR": "1", "CODE_DEPT": "69", "NOM_DEPT": "RHONE", "CODE_REG": "82", "NOM_REGION": "RHONE-ALPES", "CODGEO": "69381" }, "geometry": { "type": "Polygon", "coordinates": [ [ [ 842260.0, 6519994.0 ], [ 842078.0, 6520280.0 ], [ 841415.0, 6520246.0 ], [ 840874.0, 6520694.0 ], [ 842633.0, 6521104.0 ], [ 842957.0, 6520939.0 ], [ 842976.0, 6520184.0 ], [ 842260.0, 6519994.0 ] ] ] } },
{ "type": "Feature", "properties": { "ID_GEOFLA": 36605, "CODE_COMM": "382", "INSEE_COM": "69382", "NOM_COMM": "LYON--2E--ARRONDISSEMENT", "STATUT": "Commune simple", "X_CHF_LIEU": 8420, "Y_CHF_LIEU": 65187, "X_CENTROID": 8419, "Y_CENTROID": 65182, "Z_MOYEN": 166, "SUPERFICIE": 340, "POPULATION": 29.8, "CODE_CANT": "99", "CODE_ARR": "1", "CODE_DEPT": "69", "NOM_DEPT": "RHONE", "CODE_REG": "82", "NOM_REGION": "RHONE-ALPES", "CODGEO": "69382" }, "geometry": { "type": "Polygon", "coordinates": [ [ [ 841465.0, 6515575.0 ], [ 840987.0, 6517238.0 ], [ 841353.0, 6518198.0 ], [ 842260.0, 6519994.0 ], [ 842976.0, 6520184.0 ], [ 842998.0, 6519883.0 ], [ 842908.0, 6519124.0 ], [ 841631.0, 6516725.0 ], [ 841465.0, 6515575.0 ] ] ] } },
{ "type": "Feature", "properties": { "ID_GEOFLA": 36606, "CODE_COMM": "383", "INSEE_COM": "69383", "NOM_COMM": "LYON--3E--ARRONDISSEMENT", "STATUT": "Commune simple", "X_CHF_LIEU": 8437, "Y_CHF_LIEU": 65195, "X_CENTROID": 8452, "Y_CENTROID": 65188, "Z_MOYEN": 174, "SUPERFICIE": 629, "POPULATION": 90.4, "CODE_CANT": "99", "CODE_ARR": "1", "CODE_DEPT": "69", "NOM_DEPT": "RHONE", "CODE_REG": "82", "NOM_REGION": "RHONE-ALPES", "CODGEO": "69383" }, "geometry": { "type": "Polygon", "coordinates": [ [ [ 847130.0, 6517255.0 ], [ 844586.0, 6518365.0 ], [ 842908.0, 6519124.0 ], [ 842998.0, 6519883.0 ], [ 845282.0, 6519954.0 ], [ 845848.0, 6519037.0 ], [ 847617.0, 6518759.0 ], [ 847130.0, 6517255.0 ] ] ] } },
{ "type": "Feature", "properties": { "ID_GEOFLA": 36607, "CODE_COMM": "384", "INSEE_COM": "69384", "NOM_COMM": "LYON--4E--ARRONDISSEMENT", "STATUT": "Commune simple", "X_CHF_LIEU": 8420, "Y_CHF_LIEU": 65210, "X_CENTROID": 8417, "Y_CENTROID": 65215, "Z_MOYEN": 223, "SUPERFICIE": 288, "POPULATION": 34.4, "CODE_CANT": "99", "CODE_ARR": "1", "CODE_DEPT": "69", "NOM_DEPT": "RHONE", "CODE_REG": "82", "NOM_REGION": "RHONE-ALPES", "CODGEO": "69384" }, "geometry": { "type": "Polygon", "coordinates": [ [ [ 840874.0, 6520694.0 ], [ 840572.0, 6521392.0 ], [ 841317.0, 6522735.0 ], [ 841814.0, 6522153.0 ], [ 843200.0, 6521560.0 ], [ 842957.0, 6520939.0 ], [ 842633.0, 6521104.0 ], [ 840874.0, 6520694.0 ] ] ] } },
{ "type": "Feature", "properties": { "ID_GEOFLA": 36608, "CODE_COMM": "385", "INSEE_COM": "69385", "NOM_COMM": "LYON--5E--ARRONDISSEMENT", "STATUT": "Commune simple", "X_CHF_LIEU": 8400, "Y_CHF_LIEU": 65191, "X_CENTROID": 8400, "Y_CENTROID": 65189, "Z_MOYEN": 255, "SUPERFICIE": 624, "POPULATION": 47.0, "CODE_CANT": "99", "CODE_ARR": "1", "CODE_DEPT": "69", "NOM_DEPT": "RHONE", "CODE_REG": "82", "NOM_REGION": "RHONE-ALPES", "CODGEO": "69385" }, "geometry": { "type": "Polygon", "coordinates": [ [ [ 840982.0, 6518082.0 ], [ 840290.0, 6518375.0 ], [ 838909.0, 6517793.0 ], [ 838184.0, 6517941.0 ], [ 837727.0, 6518344.0 ], [ 838532.0, 6518906.0 ], [ 838848.0, 6519855.0 ], [ 840645.0, 6519440.0 ], [ 841415.0, 6520246.0 ], [ 842078.0, 6520280.0 ], [ 842260.0, 6519994.0 ], [ 841353.0, 6518198.0 ], [ 840982.0, 6518082.0 ] ] ] } },
{ "type": "Feature", "properties": { "ID_GEOFLA": 36609, "CODE_COMM": "386", "INSEE_COM": "69386", "NOM_COMM": "LYON--6E--ARRONDISSEMENT", "STATUT": "Commune simple", "X_CHF_LIEU": 8437, "Y_CHF_LIEU": 65204, "X_CENTROID": 8439, "Y_CENTROID": 65209, "Z_MOYEN": 168, "SUPERFICIE": 380, "POPULATION": 49.6, "CODE_CANT": "99", "CODE_ARR": "1", "CODE_DEPT": "69", "NOM_DEPT": "RHONE", "CODE_REG": "82", "NOM_REGION": "RHONE-ALPES", "CODGEO": "69386" }, "geometry": { "type": "Polygon", "coordinates": [ [ [ 842998.0, 6519883.0 ], [ 842976.0, 6520184.0 ], [ 842957.0, 6520939.0 ], [ 843200.0, 6521560.0 ], [ 843836.0, 6522379.0 ], [ 844527.0, 6522463.0 ], [ 844465.0, 6521284.0 ], [ 845282.0, 6519954.0 ], [ 842998.0, 6519883.0 ] ] ] } },
{ "type": "Feature", "properties": { "ID_GEOFLA": 36610, "CODE_COMM": "387", "INSEE_COM": "69387", "NOM_COMM": "LYON--7E--ARRONDISSEMENT", "STATUT": "Commune simple", "X_CHF_LIEU": 8431, "Y_CHF_LIEU": 65179, "X_CENTROID": 8428, "Y_CENTROID": 65165, "Z_MOYEN": 166, "SUPERFICIE": 946, "POPULATION": 69.2, "CODE_CANT": "99", "CODE_ARR": "1", "CODE_DEPT": "69", "NOM_DEPT": "RHONE", "CODE_REG": "82", "NOM_REGION": "RHONE-ALPES", "CODGEO": "69387" }, "geometry": { "type": "Polygon", "coordinates": [ [ [ 843188.0, 6513722.0 ], [ 841810.0, 6514418.0 ], [ 841614.0, 6514889.0 ], [ 841465.0, 6515575.0 ], [ 841631.0, 6516725.0 ], [ 842908.0, 6519124.0 ], [ 844586.0, 6518365.0 ], [ 844457.0, 6517617.0 ], [ 843722.0, 6516831.0 ], [ 843831.0, 6514957.0 ], [ 843086.0, 6514821.0 ], [ 843188.0, 6513722.0 ] ] ] } },
{ "type": "Feature", "properties": { "ID_GEOFLA": 36611, "CODE_COMM": "388", "INSEE_COM": "69388", "NOM_COMM": "LYON--8E--ARRONDISSEMENT", "STATUT": "Commune simple", "X_CHF_LIEU": 8456, "Y_CHF_LIEU": 65167, "X_CENTROID": 8453, "Y_CENTROID": 65166, "Z_MOYEN": 175, "SUPERFICIE": 685, "POPULATION": 76.3, "CODE_CANT": "99", "CODE_ARR": "1", "CODE_DEPT": "69", "NOM_DEPT": "RHONE", "CODE_REG": "82", "NOM_REGION": "RHONE-ALPES", "CODGEO": "69388" }, "geometry": { "type": "Polygon", "coordinates": [ [ [ 843831.0, 6514957.0 ], [ 843722.0, 6516831.0 ], [ 844457.0, 6517617.0 ], [ 844586.0, 6518365.0 ], [ 847130.0, 6517255.0 ], [ 846753.0, 6515794.0 ], [ 846765.0, 6515420.0 ], [ 846427.0, 6515261.0 ], [ 844379.0, 6516132.0 ], [ 844231.0, 6515070.0 ], [ 843873.0, 6514960.0 ], [ 843831.0, 6514957.0 ] ] ] } },
{ "type": "Feature", "properties": { "ID_GEOFLA": 36612, "CODE_COMM": "389", "INSEE_COM": "69389", "NOM_COMM": "LYON--9E--ARRONDISSEMENT", "STATUT": "Commune simple", "X_CHF_LIEU": 8403, "Y_CHF_LIEU": 65209, "X_CENTROID": 8405, "Y_CENTROID": 65218, "Z_MOYEN": 202, "SUPERFICIE": 752, "POPULATION": 47.1, "CODE_CANT": "99", "CODE_ARR": "1", "CODE_DEPT": "69", "NOM_DEPT": "RHONE", "CODE_REG": "82", "NOM_REGION": "RHONE-ALPES", "CODGEO": "69389" }, "geometry": { "type": "Polygon", "coordinates": [ [ [ 841415.0, 6520246.0 ], [ 840645.0, 6519440.0 ], [ 838848.0, 6519855.0 ], [ 839283.0, 6520879.0 ], [ 839174.0, 6521875.0 ], [ 838724.0, 6522410.0 ], [ 838948.0, 6522675.0 ], [ 840030.0, 6522941.0 ], [ 840312.0, 6522714.0 ], [ 841221.0, 6523820.0 ], [ 842649.0, 6524832.0 ], [ 843014.0, 6524314.0 ], [ 842683.0, 6523721.0 ], [ 841317.0, 6522735.0 ], [ 840572.0, 6521392.0 ], [ 840874.0, 6520694.0 ], [ 841415.0, 6520246.0 ] ] ] } }
]
}
